facts,explanation,source,brainstorm,duplication,duplication_reasoning,verification,verification_reasoning,corrupted_facts,corruption_reasoning
Huck leaves a nickel as payment for stolen candles and later sells his possessions to Judge Thatcher for a dollar.,"In Chapter 1, we see Huck leaving a nickel as payment for stolen candles, showing his complex relationship with money and morality. This is further developed in Chapter 3, where Huck reveals he has sold all his possessions to Judge Thatcher for a dollar, indicating a significant change in his financial situation and decision-making.","Chapter 1, 3","
- Chapter 1, item 2: Huck and Tom sneak into Miss Watson's kitchen to steal candles, leaving a nickel as payment.
- Chapter 3, item 2: Huck approaches Jim while he's chopping wood, revealing he sold his possessions to Judge Thatcher for a dollar.
- Relationship: Huck's actions involving money
",Unique,Valid claim,VALID,"1. Analysis of atomic parts:
    a. ""Huck leaves a nickel as payment for stolen candles"": This part is grounded in event 2 of Chapter 1, where Huck and Tom sneak into Miss Watson's kitchen to steal candles and leave a nickel as payment.
    b. ""Huck later sells his possessions to Judge Thatcher for a dollar"": This part is grounded in event 2 of Chapter 3, where Huck reveals to Jim that he sold his possessions to Judge Thatcher for a dollar.

2. Analysis of the relationship between atomic parts:
    a. The relationship is temporal and sequential, as both events involve Huck and occur at different times in the narrative.
    b. The relationship is not a subjective interpretation but rather a factual recounting of events that happen in the story.
    c. The relationship makes sense based on the book summary and chapter outline. There is no contradicting information in the summary or outline.

Since all considerations are satisfied, the claim is VALID.",Huck sells his possessions to Judge Thatcher for a dollar and later leaves a nickel as payment for stolen candles.,"- Component 1: Huck leaves a nickel as payment for stolen candles.
- Component 2: Huck sells his possessions to Judge Thatcher for a dollar.
- Relationship: Temporal (component 1 occurs before component 2)
- Change the relationship to indicate that Huck sells his possessions to Judge Thatcher before leaving a nickel as payment for stolen candles, which contradicts the chapter outline."
"Jim flees to Jackson Island to avoid being sold to New Orleans, and Huck arrives there the next day after faking his own death.","Chapter 4 reveals that both Jim and Huck independently choose Jackson Island as their refuge. Jim flees there after learning he's to be sold to New Orleans, while Huck arrives the next day, having faked his death to escape his abusive father. This shows how Jackson Island serves as a meeting point for both characters as they escape their respective situations.",Chapter 4,"
- Chapter 4, item 1: Jim learns from Sadie that Miss Watson plans to sell him to New Orleans, prompting him to flee to Jackson Island.
- Chapter 4, item 3: Huck Finn arrives on the island the next morning, revealing he faked his own death to escape his abusive father.
- Relationship: Both characters fleeing to Jackson Island
",Unique,Valid claim,VALID,"1. Analysis of atomic parts:
    a. ""Jim flees to Jackson Island to avoid being sold to New Orleans"": This part is grounded in event 1 of Chapter 4, where Jim learns from Sadie that Miss Watson plans to sell him to New Orleans, prompting him to flee.
    b. ""Huck arrives there the next day after faking his own death"": This part is grounded in event 3 of Chapter 4, where Huck arrives on the island the next morning after faking his own death to escape his abusive father.

2. Analysis of the relationship between atomic parts:
    a. The relationship is temporal and sequential, as Jim flees to Jackson Island first, and Huck arrives the next day. This relationship is valid and meaningful.
    b. The relationship is explicitly stated in the chapter outline and is not a subjective interpretation.
    c. The relationship makes sense based on the book summary and chapter outline. There is no contradicting information in the summary or outline.

Since all considerations are satisfied, the claim is VALID.",Huck arrives at Jackson Island before Jim flees there to avoid being sold to New Orleans.,"- Component 1: Jim flees to Jackson Island to avoid being sold to New Orleans.
- Component 2: Huck arrives at Jackson Island the next day after faking his own death.
- Relationship: Temporal (Component 1 occurs before Component 2)
- Change the temporal relationship so that Huck arrives at Jackson Island before Jim flees there, which contradicts the chapter outline."
"Jim discovers a dead man in a floating house and later experiences vivid hallucinations involving his family, Judge Thatcher's library, and Voltaire.","In Chapter 5, Jim finds a dead white man in a floating house during a flood. This traumatic experience may have contributed to his subsequent hallucinations in Chapter 6, where he has vivid visions involving his family, Judge Thatcher's library, and a conversation with Voltaire. The connection between these events highlights the psychological impact of Jim's experiences.","Chapter 5, 6","
- Chapter 5, item 4: Inside the house, Jim finds a dead white man and instructs Huck to leave with some bacon and clothes.
- Chapter 6, item 2: Jim falls into a delirious state, having vivid hallucinations involving his family, Judge Thatcher's library, and a conversation with Voltaire.
- Relationship: Jim's exposure to death and subsequent hallucinations
",Unique,Valid claim,VALID,"1. Analysis of atomic parts:
    a. ""Jim discovers a dead man in a floating house"": This part is grounded in event 4 of Chapter 5, where Jim finds a dead white man in the floating house.
    b. ""Jim later experiences vivid hallucinations involving his family, Judge Thatcher's library, and Voltaire"": This part is grounded in event 2 of Chapter 6, where Jim has vivid hallucinations during his delirious state.

2. Analysis of the relationship between atomic parts:
    a. The relationship is temporal and sequential, as the discovery of the dead man happens in Chapter 5, and the hallucinations occur later in Chapter 6. This relationship is objectively valid and meaningful.
    b. The relationship is not a subjective interpretation or assumption; it is based on the sequence of events described in the chapter outline.
    c. The relationship makes sense based on the book summary and chapter outline. There is no contradicting information in the summary or outline.

Since all considerations are satisfied, the claim is VALID.","Jim discovers a dead man in a cave and later experiences vivid hallucinations involving his family, Judge Thatcher's library, and Voltaire.","- Component 1: Jim discovers a dead man in a floating house.
- Component 2: Jim experiences vivid hallucinations involving his family, Judge Thatcher's library, and Voltaire.
- Relationship: Temporal (component 1 occurs before component 2)
- Change the location of the dead man discovery from a floating house to a cave, which contradicts the chapter outline."
"Jim writes for the first time using paper and ink, and later reads a novel that mentally transports him.","Chapter 7 shows Jim using paper and ink for the first time to write the alphabet and his thoughts, indicating his initial steps towards literacy. This development is further evidenced in Chapter 11, where Jim is shown reading a novel that mentally transports him, demonstrating his growing literacy and the power of reading in his life.","Chapter 7, 11","
- Chapter 7, item 7: Jim uses paper and ink for the first time, writing the alphabet and his thoughts about his identity and situation.
- Chapter 11, item 7: Jim begins reading a novel, transporting himself mentally to another place.
- Relationship: Jim's literacy and intellectual development
",Unique,Valid claim,VALID,"1. Analysis of atomic parts:
    a. ""Jim writes for the first time using paper and ink"": This part is grounded in event 7 of Chapter 7, where Jim uses paper and ink for the first time to write the alphabet and his thoughts.
    b. ""Jim later reads a novel that mentally transports him"": This part is grounded in event 7 of Chapter 11, where Jim begins reading a novel and is mentally transported to another place.

2. Analysis of the relationship between atomic parts:
    a. The relationship is objectively valid and meaningful. Both parts describe significant moments of Jim engaging with literacy, which is a recurring theme in the book summary and chapter outline.
    b. The relationship is not a subjective interpretation or assumption. It is explicitly stated in the chapter outlines that Jim writes for the first time and later reads a novel.
    c. The relationship makes sense based on the book summary and chapter outline. The summary mentions James' intelligence and ability to read and write as crucial skills, and the chapter outlines provide specific instances of Jim engaging in these activities.

Since all considerations are satisfied, the claim is VALID.","Jim writes for the first time using paper and ink, and later reads a newspaper that mentally transports him.","- Component 1: Jim writes for the first time using paper and ink.
- Component 2: Jim later reads a novel that mentally transports him.
- Relationship: Temporal (component 1 -> component 2)
- Change the novel to a newspaper, which is not mentioned in the chapter outline as something Jim reads."
"Jim and Huck encounter a wrecked steamboat during a storm and later their raft is destroyed by two passing steamboats, separating them.","In Chapter 10, Jim and Huck discover the wrecked steamboat Walter Scott during a storm, highlighting the dangers of river travel. This foreshadows the event in Chapter 13, where their raft is caught between two passing steamboats and breaks apart, separating Jim and Huck. These incidents demonstrate the recurring danger posed by steamboats throughout their journey.","Chapter 10, 13","
- Chapter 10, item 3: During a storm, Jim and Huck discover a wrecked steamboat called the Walter Scott grounded on a shoal.
- Chapter 13, item 7: The raft is caught between two passing steamboats and breaks apart, separating Jim and Huck in the river.
- Relationship: Dangerous encounters with steamboats
",Unique,Valid claim,VALID,"1. Analysis of atomic parts:
    a. ""Jim and Huck encounter a wrecked steamboat during a storm"": This part is grounded in event 3 of Chapter 10, where Jim and Huck discover a wrecked steamboat called the Walter Scott during a storm.
    b. ""Later their raft is destroyed by two passing steamboats, separating them"": This part is grounded in event 7 of Chapter 13, where the raft is caught between two passing steamboats and breaks apart, separating Jim and Huck.

2. Analysis of the relationship between atomic parts:
    a. The relationship is temporally valid. The claim states that the encounter with the wrecked steamboat happens first, and later the raft is destroyed by two passing steamboats. This sequence is consistent with the chapter outline, where the steamboat encounter occurs in Chapter 10 and the raft destruction occurs in Chapter 13.
    b. The relationship is not a subjective interpretation but an objective sequence of events as described in the chapter outline.
    c. The relationship makes sense based on the book summary and chapter outline. There is no contradicting information in the summary or outline that would invalidate the claim.

Since all considerations are satisfied, the claim is VALID.","Jim and Huck encounter a wrecked steamboat during a storm and later their raft is destroyed by a passing steamboat, separating them.","- Component 1: Jim and Huck encounter a wrecked steamboat during a storm.
- Component 2: Their raft is destroyed by two passing steamboats, separating them.
- Relationship: Sequential (component 1 -> component 2)
- Change the number of passing steamboats from two to one, which contradicts the outline where their raft is caught between two passing steamboats."
"Jim encounters four black men in Illinois, and one of them, Young George, offers to bring him a pencil despite another's skepticism about a slave needing writing materials.","In Chapter 14, Jim wakes up in Illinois and meets four black men. This encounter is further detailed in Chapter 15, where one of these men, Young George, offers to bring Jim a pencil. Another man, Pierre, expresses skepticism about a slave needing writing materials, highlighting the complex dynamics and perceptions surrounding slave literacy.","Chapter 14, 15","
- Chapter 14, item 2: Jim wakes up to find four black men observing him, and they inform him that he's in Illinois.
- Chapter 15, item 7: Young George offers to bring Jim a pencil, despite Pierre's skepticism about a slave needing writing materials.
- Relationship: Jim's interactions with other black men and their perceptions of his literacy
",Unique,Valid claim,VALID,"1. Analysis of atomic parts:
    a. ""Jim encounters four black men in Illinois"": This part is grounded in event 2 of Chapter 14, where Jim wakes up to find four black men observing him.
    b. ""one of them, Young George, offers to bring him a pencil"": This part is grounded in event 7 of Chapter 14, where Young George offers to bring Jim a pencil.
    c. ""despite another's skepticism about a slave needing writing materials"": This part is grounded in event 7 of Chapter 14, where Pierre is skeptical about a slave needing writing materials.

2. Analysis of the relationship between atomic parts:
    a. The relationship is objectively valid and meaningful. The claim accurately describes a sequence of events where Jim encounters the men, and Young George offers to bring him a pencil despite Pierre's skepticism.
    b. The relationship is not a subjective interpretation or assumption; it is explicitly stated in the chapter outline.
    c. The relationship makes sense based on the book summary and chapter outline. There is no contradicting information in the summary or outline.

Since all considerations are satisfied, the claim is VALID.","Jim encounters four black men in Missouri, and one of them, Young George, offers to bring him a pencil despite another's skepticism about a slave needing writing materials.","- Component 1: Jim encounters four black men in Illinois.
- Component 2: One of the men, Young George, offers to bring Jim a pencil.
- Component 3: Another man is skeptical about a slave needing writing materials.
- Relationship: Sequential (Component 1 -> Component 2 -> Component 3)
- Change the location from Illinois to Missouri, which contradicts the chapter outline where the encounter occurs in Illinois."
"Two con men join Jim and Huck on their raft, claiming to be the ""Duke of Bridgewater"" and the ""Dauphin,"" and subsequently interrogate Jim and Huck about their identities.","Chapter 18 introduces two new characters who claim to be the ""Duke of Bridgewater"" and the ""Dauphin,"" revealing their false identities. In Chapter 19, these same con men interrogate Jim and Huck about their own identities and origins, showing how their presence complicates the journey for Jim and Huck.","Chapter 18, 19","
- Chapter 18, item 2: The younger man reveals himself as the ""Duke of Bridgewater"" and shares his backstory.
- Chapter 18, item 6: The older man claims to be the ""Dauphin,"" the rightful King of France, and shares his own story.
- Chapter 19, item 1: The Duke and the King interrogate Jim and Huck about their identities and origins on the raft.
- Relationship: The con men's false identities and their interactions with Jim and Huck
",Unique,Valid claim,VALID,"1. Analysis of atomic parts:
    a. ""Two con men join Jim and Huck on their raft"": This part is grounded in events 5 and 6 of Chapter 18, where the younger man reveals himself as the ""Duke of Bridgewater"" and the older man claims to be the ""Dauphin.""
    b. ""claiming to be the 'Duke of Bridgewater' and the 'Dauphin'"": This part is also grounded in events 5 and 6 of Chapter 18, where the two men introduce themselves with these titles.
    c. ""subsequently interrogate Jim and Huck about their identities"": This part is grounded in event 1 of Chapter 19, where the Duke and the King interrogate Jim and Huck about their identities and origins.

2. Analysis of the relationship between atomic parts:
    a. The relationship is objectively valid and meaningful. The sequence of events is logical: the con men join Jim and Huck, introduce themselves with false titles, and then interrogate Jim and Huck about their identities.
    b. The relationship is not a subjective interpretation or assumption; it is explicitly stated in the chapter outline.
    c. The relationship makes sense based on the book summary and chapter outline. There is no contradicting information in the summary or outline.

Since all considerations are satisfied, the claim is VALID.","Two con men join Jim and Huck on their raft, interrogate them about their identities, and subsequently claim to be the ""Duke of Bridgewater"" and the ""Dauphin.""","- Component 1: Two con men join Jim and Huck on their raft.
- Component 2: The con men claim to be the ""Duke of Bridgewater"" and the ""Dauphin.""
- Component 3: The con men interrogate Jim and Huck about their identities.
- Relationship: Sequential (component 1 -> component 2 -> component 3)
- Change the order of events by stating that the con men interrogate Jim and Huck before claiming to be the ""Duke of Bridgewater"" and the ""Dauphin,"" which contradicts the chapter outline."
"The Duke beats Jim severely, threatens Huck, and later they all travel together to a town on the Missouri-Illinois border where they observe slaves working in fields.","Chapter 22 details the Duke's violent treatment of Jim, including a severe beating, and his threats towards Huck. Despite this abuse, Chapter 23 shows that they continue traveling together, reaching a town on the Missouri-Illinois border where they observe slaves working in potato fields. This fact highlights the complex and often abusive relationships within the group as they continue their journey.","Chapter 22, 23","
- Chapter 22, item 3: The Duke demands Jim remove his pants for a beating, and when Huck intervenes, he is violently pushed aside.
- Chapter 22, item 7: The Duke continues to beat Jim until he falls to his knees, while Huck cries and is warned he might be next.
- Chapter 23, item 2: The group walks to the outskirts of a town straddling Missouri and Illinois, where they observe slaves working in potato fields.
- Relationship: The Duke's violent treatment of Jim and their continued journey together
",Unique,Valid claim,VALID,"1. Analysis of atomic parts:
    a. ""The Duke beats Jim severely"": This part is grounded in event 6 of Chapter 22, where the Duke strikes Jim repeatedly with a belt.
    b. ""threatens Huck"": This part is grounded in event 7 of Chapter 22, where Huck is warned he might be next.
    c. ""later they all travel together to a town on the Missouri-Illinois border"": This part is grounded in event 2 of Chapter 23, where the group walks to the outskirts of a town straddling Missouri and Illinois.
    d. ""where they observe slaves working in fields"": This part is grounded in event 2 of Chapter 23, where they observe slaves working in potato fields.

2. Analysis of the relationship between atomic parts:
    a. The relationship is objectively valid and meaningful. The sequence of events follows a logical progression: the Duke beats Jim and threatens Huck, and later they travel together to a town where they observe slaves working in fields.
    b. The relationship is not a subjective interpretation or assumption; it is explicitly stated in the chapter outline.
    c. The relationship makes sense based on the book summary and chapter outline. There is no contradicting information in the summary or outline.

Since all considerations are satisfied, the claim is VALID.","The Duke beats Jim severely, threatens Huck, and later they all travel together to a town in Iowa where they observe slaves working in fields.","- Component 1: The Duke beats Jim severely.
- Component 2: The Duke threatens Huck.
- Component 3: They all travel together to a town on the Missouri-Illinois border.
- Component 4: They observe slaves working in fields.
- Relationship: Sequential (component 1 -> component 2 -> component 3 -> component 4)
- Change the location from a town on the Missouri-Illinois border to a town in Iowa, which contradicts the chapter outline."
"Emmett offers to buy Jim from Wiley for his singing abilities, but later tells Jim he has been hired, not bought, as a tenor for the minstrel show.","In Chapter 27, Emmett clearly offers to buy Jim from Wiley for his singing abilities. However, in Chapter 28, Emmett tells Jim that he has been hired, not bought, as a tenor for the minstrel show. This discrepancy reveals the complex and often deceptive nature of Jim's situation, as well as Emmett's manipulation of the truth.","Chapter 27, 28","
- Chapter 27, item 2: Emmett explains to Wiley that they've lost their tenor and offers to buy Jim for his singing abilities.
- Chapter 28, item 3: Daniel Decatur Emmett explains to Jim that he has been hired, not bought, as a tenor for the minstrel show at the camp.
- Relationship: Discrepancy between Emmett's actions and words regarding Jim's status
",Unique,Valid claim,VALID,"1. Analysis of atomic parts:
    a. ""Emmett offers to buy Jim from Wiley for his singing abilities"": This part is grounded in events 2 and 3 of Chapter 27, where Emmett explains to Wiley that they've lost their tenor and offers to buy Jim for his singing abilities, and they negotiate the sale.
    b. ""Emmett later tells Jim he has been hired, not bought, as a tenor for the minstrel show"": This part is grounded in event 3 of Chapter 28, where Emmett explains to Jim that he has been hired, not bought, as a tenor for the minstrel show.

2. Analysis of the relationship between atomic parts:
    a. The relationship is objectively valid and meaningful. Emmett's initial offer to buy Jim and the later clarification that Jim has been hired, not bought, are directly related and show a progression in the narrative.
    b. The relationship is not a subjective interpretation or assumption; it is explicitly stated in the chapter outline.
    c. The relationship makes sense based on the book summary and chapter outline. There is no contradicting information in the summary or outline.

Since all considerations are satisfied, the claim is VALID.","Emmett offers to buy Jim from Wiley for his singing abilities, and later tells Jim he has been bought, not hired, as a tenor for the minstrel show.","- Component 1: Emmett offers to buy Jim from Wiley for his singing abilities.
- Component 2: Emmett later tells Jim he has been hired, not bought, as a tenor for the minstrel show.
- Relationship: Temporal (component 1 -> component 2), Contradictory (component 1 contradicts component 2)
- Change the relationship by altering the sequence of events, so that Emmett tells Jim he has been bought, not hired, as a tenor for the minstrel show, which contradicts the outline."
"Jim escapes from the Virginia Minstrels and is later joined by Norman, who also escaped from the troupe.","Chapter 32 describes Jim's escape from the Virginia Minstrels, running through various terrains until he stops to sleep in the woods. In Chapter 33, we learn that Norman has also escaped from the minstrel troupe when he wakes Jim in the woods at dawn. This fact demonstrates how both Jim and Norman independently decided to flee from the Virginia Minstrels and ended up reuniting.","Chapter 32, 33","
- Chapter 32, item 7: Jim runs through various terrains until nightfall, then stops to eat and sleep in the woods.
- Chapter 33, item 1: Jim is awakened by Norman in the woods at dawn, where Norman explains his escape from the Virginia Minstrels.
- Relationship: Jim's escape and Norman's subsequent joining
",Unique,Valid claim,VALID,"1. Analysis of atomic parts:
    a. ""Jim escapes from the Virginia Minstrels"": This part is grounded in event 6 of Chapter 32, where Jim steals bread, shoes, and Daniel Emmett's notebook before fleeing into the dense trees.
    b. ""is later joined by Norman, who also escaped from the troupe"": This part is grounded in event 1 of Chapter 33, where Jim is awakened by Norman in the woods at dawn, and Norman explains his escape from the Virginia Minstrels.

2. Analysis of the relationship between atomic parts:
    a. The relationship is objectively valid and meaningful. The claim establishes a sequential relationship where Jim escapes first, and then Norman joins him after also escaping from the troupe.
    b. The relationship is not a subjective interpretation or assumption; it is explicitly stated in the chapter outline.
    c. The relationship makes sense based on the book summary and chapter outline. There is no contradicting information in the summary or outline.

Since all considerations are satisfied, the claim is VALID.","Jim escapes from the Virginia Minstrels and is later joined by Norman, who had not yet escaped from the troupe.","- Component 1: Jim escapes from the Virginia Minstrels.
- Component 2: Norman joins Jim after also escaping from the troupe.
- Relationship: Sequential (Component 1 -> Component 2)
- Change the sequence so that Norman joins Jim before escaping from the troupe, which contradicts the outline where Norman joins Jim after escaping."
Jim uses trotlines for fishing both during his escape to Jackson Island and later with Huck on the island.,"In Chapter 4, Jim swims across the Mississippi River at night and catches fish on a trotline. Later, in Chapter 5, Jim and Huck set up a trotline for fishing on Jackson Island. This demonstrates Jim's consistent use of trotlines for fishing in different situations.","Chapter 4, 5","
- Chapter 4, item 2: Jim swims across the Mississippi River at night, catching fish on a trotline.
- Chapter 5, item 1: Jim and Huck set up a trotline for fishing on Jackson Island.
- Relationship: Recurring action (trotline fishing)
",Unique,Valid claim,VALID,"1. Analysis of each atomic part:
    a. ""Jim uses trotlines for fishing during his escape to Jackson Island"": This part is grounded in event 2 of Chapter 4, where Jim swims across the Mississippi River at night and catches fish on a trotline.
    b. ""Jim uses trotlines for fishing later with Huck on the island"": This part is grounded in event 1 of Chapter 5, where Jim and Huck set up a trotline for fishing on Jackson Island.

2. Analysis of the relationship between atomic parts:
    a. The relationship is objectively valid and meaningful. Both parts describe Jim using trotlines for fishing, first during his escape and later with Huck on the island.
    b. The relationship is not a subjective interpretation or assumption; it is explicitly stated in the chapter outline.
    c. The relationship makes sense based on the book summary and chapter outline. There is no contradicting information in the summary or outline.

Since all considerations are satisfied, the claim is VALID.",Jim uses trotlines for fishing both during his escape to Jackson Island and later with Huck on the Mississippi River.,"- Component 1: Jim uses trotlines for fishing during his escape to Jackson Island.
- Component 2: Jim uses trotlines for fishing later with Huck on the island.
- Relationship: Temporal (component 1 -> component 2)
- Change the location of the second component to a different place, such as the Mississippi River, which contradicts the outline where Jim and Huck use trotlines on Jackson Island."
Jim experiences visions of John Locke in two distinct situations,"In Chapter 18, Jim encounters a vision of John Locke while writing and reflecting on his experiences. Later, in Chapter 44, Jim has another vision of John Locke while struggling underwater with a catfish. These recurring visions of John Locke in different contexts suggest a significant connection between Jim's experiences and this historical figure.","Chapter 18, 44","
- Chapter 18, item 3: Jim encounters a vision of John Locke while writing and reflecting on his experiences.
- Chapter 44, item 3: Jim is pulled underwater by the catfish, struggling to free himself and experiencing a vision of John Locke.
- Relationship: Recurring vision
",Unique,Valid claim,VALID,"1. Analysis of each atomic part:
    a. ""Jim experiences visions of John Locke"": This part is grounded in the events of both Chapter 18 (event 3) and Chapter 44 (event 3).
    b. ""in two distinct situations"": This part implies that the visions occur in different contexts or scenarios.

2. Analysis of the relationship between atomic parts:
    a. The relationship is objectively valid and meaningful. The claim accurately states that Jim experiences visions of John Locke in two different chapters, which are distinct situations.
    b. The relationship is not a subjective interpretation or assumption. It is explicitly stated in the chapter outlines that Jim has visions of John Locke in both Chapter 18 and Chapter 44.
    c. The relationship makes sense based on the book summary and chapter outline. There is no contradicting information in the summary or outline that would invalidate the claim.

Since all considerations are satisfied, the claim is VALID.",Jim experiences visions of John Locke in three distinct situations.,"- Component 1: Jim experiences visions of John Locke.
- Component 2: Jim experiences these visions in two distinct situations.
- Relationship: Temporal (component 1 occurs in two separate instances)
- Change the number of situations from two to three, which contradicts the chapter outline where Jim only experiences visions of John Locke in two situations (Chapter 18 and Chapter 44)."
"Easter, a slave blacksmith, is whipped by the Duke and later instructs Jim in blacksmithing at Wiley's livery stable.","In Chapter 25, Easter is struck with a whip by the Duke, causing him to fall and bleed. In Chapter 26, Easter is shown working as a blacksmith at Wiley's livery stable, where he instructs Jim in blacksmithing. This demonstrates the continuity of Easter's character and his role as a blacksmith despite the earlier abuse.","Chapter 25, 26","
- Chapter 25, item 2: The Duke strikes Easter with the whip, causing him to fall and bleed.
- Chapter 26, item 2: Wiley instructs Jim to work as a blacksmith and leaves for breakfast, while Jim and Easter discuss their situation.
- Relationship: Continuity of character (Easter)
",Unique,Valid claim,VALID,"1. Analysis of atomic parts:
    a. Easter, a slave blacksmith, is whipped by the Duke: This part is grounded in event 3 of Chapter 25, where the Duke strikes Easter with a whip.
    b. Easter later instructs Jim in blacksmithing at Wiley's livery stable: This part is grounded in events 2 and 3 of Chapter 26, where Easter teaches Jim how to make horseshoes at the forge.

2. Analysis of the relationship between atomic parts:
    a. The relationship is objectively valid and meaningful. The sequence of events shows that Easter, after being whipped by the Duke, later instructs Jim in blacksmithing. This indicates a progression of events where Easter, despite being whipped, continues to perform his duties and even teaches Jim.
    b. The relationship is not a subjective interpretation or assumption. It is explicitly stated in the chapter outline that Easter is whipped by the Duke and later teaches Jim.
    c. The relationship makes sense based on the book summary and chapter outline. There is no contradicting information in the summary or outline. The events are temporally related and logically follow one another.

Since all considerations are satisfied, the claim is VALID.","Easter, a slave carpenter, is whipped by the Duke and later instructs Jim in blacksmithing at Wiley's livery stable.","- Component 1: Easter is a slave blacksmith.
- Component 2: Easter is whipped by the Duke.
- Component 3: Easter instructs Jim in blacksmithing at Wiley's livery stable.
- Relationship: Temporal (component 2 -> component 3), Role (Easter as a blacksmith)
- Change the role of Easter from a blacksmith to a carpenter, which contradicts the outline as Easter is specifically mentioned as a blacksmith."
"Jim learns his wife Sadie and daughter Lizzie were sold, but later reunites with them at the Graham farm's slave quarters.","In Chapter 46, Jim is informed by Doris that Sadie and Lizzie have been sold, causing him great distress. However, in Chapter 52, Jim reunites with Sadie and Lizzie at the slave quarters on the Graham farm. This demonstrates the resolution of Jim's search for his family and their eventual reunion.","Chapter 46, 52","
- Chapter 46, item 4: Doris informs Jim that Sadie and Lizzie have been sold, causing Jim to break down in grief.
- Chapter 52, item 3: Jim reunites with his wife Sadie and daughter Lizzie at the slave quarters on the Graham farm.
- Relationship: Resolution of conflict
",Unique,Valid claim,VALID,"1. Analysis of atomic parts:
    a. ""Jim learns his wife Sadie and daughter Lizzie were sold"": This part is grounded in event 4 of Chapter 46, where Doris informs Jim that Sadie and Lizzie have been sold.
    b. ""Jim later reunites with them at the Graham farm's slave quarters"": This part is grounded in event 3 of Chapter 52, where Jim reunites with Sadie and Lizzie at the slave quarters on the Graham farm.

2. Analysis of the relationship between atomic parts:
    a. The relationship is objectively valid and meaningful. The claim establishes a temporal sequence where Jim first learns about the sale of his family and later reunites with them, which is consistent with the events described in the chapter outlines.
    b. The relationship is not a subjective interpretation or assumption. It is explicitly stated in the chapter outlines that Jim learns about the sale of his family and later reunites with them.
    c. The relationship makes sense based on the book summary and chapter outline. The summary mentions that James (Jim) learns his family has been sold and later finds them at the Graham farm, which aligns with the chapter outlines.

Since all considerations are satisfied, the claim is VALID.","Jim learns his wife Sadie and daughter Lizzie were sold, but later reunites with them at a riverbank.","- Component 1: Jim learns his wife Sadie and daughter Lizzie were sold.
- Component 2: Jim reunites with Sadie and Lizzie at the Graham farm's slave quarters.
- Relationship: Temporal (component 1 -> component 2)
- Change the location of the reunion from the Graham farm's slave quarters to a different location, such as a riverbank, which contradicts the chapter outline."
"Jim breaks into Judge Thatcher's house to find information about his sold family, then forces the Judge to reveal their location in Edina, Missouri.","In Chapter 50, Jim first sneaks into Judge Thatcher's house to search for information about his family's sale. Later in the same chapter, Jim forces Judge Thatcher to show him the location of Edina, Missouri on a map, where his family has been taken. This demonstrates Jim's determination and the progression of his actions to locate his family.",Chapter 50,"
- Chapter 50, item 2: Jim sneaks into Judge Thatcher's house and searches his library for information about his family's sale.
- Chapter 50, item 4: Jim forces Judge Thatcher to show him the location of Edina, Missouri on a map, where his family has been taken.
- Relationship: Progression of action
",Unique,Valid claim,VALID,"1. Analysis of atomic parts:
    a. ""Jim breaks into Judge Thatcher's house to find information about his sold family"": This part is grounded in events 2 and 3 of Chapter 50, where Jim sneaks into Judge Thatcher's house and searches his library for information about his family's sale.
    b. ""then forces the Judge to reveal their location in Edina, Missouri"": This part is grounded in events 4 and 5 of Chapter 50, where Jim forces Judge Thatcher to show him the location of Edina, Missouri, on a map.

2. Analysis of the relationship between atomic parts:
    a. The relationship is objectively valid and meaningful. Jim's actions of breaking into the house and then forcing the Judge to reveal the location of his family are causally connected and sequentially logical.
    b. The relationship is not a subjective interpretation or assumption; it is explicitly stated in the chapter outline.
    c. The relationship makes sense based on the book summary and chapter outline. The summary mentions James' determination to find his family, and the chapter outline details the specific actions he takes to achieve this goal.

Since all considerations are satisfied, the claim is VALID.","Jim breaks into Judge Thatcher's house to find information about his sold family, then forces the Judge to reveal their location in Hannibal.","- Component 1: Jim breaks into Judge Thatcher's house.
- Component 2: Jim forces the Judge to reveal the location of his family in Edina, Missouri.
- Relationship: Causal (component 1 -> component 2)
- Change the location from Edina, Missouri to a different place, such as Hannibal, which contradicts the chapter outline."
"Jim's former shack, where he once shared cornbread with his family, is later occupied by new slaves named Katie and Cotton.","In Chapter 1, we see Jim taking cornbread home to share with his family, indicating he lived with them in the slave quarters. However, in Chapter 46, when Jim returns to his former shack, he finds it occupied by new slaves, Katie and Cotton, instead of his family. This contrast highlights the change in Jim's living situation and the absence of his family.","Chapter 1, 46","
- Chapter 1, item 4: Jim receives cornbread from Miss Watson and takes it home to share with his family.
- Chapter 46, item 3: Jim enters his former shack to find new occupants, Katie and Cotton, instead of his family.
Relationship: Contrast in Jim's living situation and family presence
",Unique,Valid claim,VALID,"1. Analysis of atomic parts:
    a. ""Jim's former shack, where he once shared cornbread with his family"": This part is grounded in Chapter 1, where Jim receives cornbread from Miss Watson and takes it home to share with his family (event 4).
    b. ""is later occupied by new slaves named Katie and Cotton"": This part is grounded in Chapter 46, where Jim enters his former shack to find new occupants, Katie and Cotton (event 3).

2. Analysis of the relationship between atomic parts:
    a. The relationship is objectively valid and meaningful. The claim establishes a temporal relationship between Jim's past and present circumstances, showing the continuity of the shack's use by different slaves.
    b. The relationship is not a subjective interpretation or assumption. It is explicitly stated in the chapter outline that Jim's former shack is now occupied by Katie and Cotton.
    c. The relationship makes sense based on the book summary and chapter outline. The summary mentions Jim's journey and the challenges he faces, including the loss of his family, which aligns with the events described in the chapter outline.

Since all considerations are satisfied, the claim is VALID.","Jim's former shack, where he once shared biscuits with his family, is later occupied by new slaves named Katie and Cotton.","- Component 1: Jim's former shack is later occupied by new slaves named Katie and Cotton.
- Component 2: Jim once shared cornbread with his family in the shack.
- Relationship: Temporal (Component 2 -> Component 1)
- Change the food item from cornbread to biscuits, which contradicts the outline where Jim receives cornbread from Miss Watson."
Jim demonstrates the ability to switch between educated speech when teaching slave children and slave dialect when interacting with the Virginia Minstrels.,"In Chapter 2, we see Jim conducting language lessons for slave children, teaching them how to speak and behave around white people. This implies Jim's ability to use educated speech. Later, in Chapter 29, Jim responds using slave dialect at the Virginia Minstrels' camp. This contrast shows Jim's ability to adapt his speech patterns depending on the situation and audience.","Chapter 2, 29","
- Chapter 2, item 1: Jim conducts a language lesson for slave children in his cabin, teaching them how to speak and behave around white people.
- Chapter 29, item 7: Jim responds using slave dialect at the Virginia Minstrels' camp.
Relationship: Jim's ability to switch between educated speech and slave dialect
",Unique,Valid claim,VALID,"1. Analysis of atomic parts:
    a. ""Jim demonstrates the ability to switch between educated speech when teaching slave children"": This part is grounded in event 1 of Chapter 2, where Jim conducts a language lesson for slave children.
    b. ""and slave dialect when interacting with the Virginia Minstrels"": This part is grounded in event 7 of Chapter 29, where Jim responds using slave dialect at the Virginia Minstrels' camp.

2. Analysis of the relationship between atomic parts:
    a. The relationship is objectively valid and meaningful. The claim highlights Jim's ability to adapt his speech based on the context, which is a significant aspect of his character and survival strategy.
    b. The relationship is not a subjective interpretation or assumption. It is explicitly supported by the events described in the chapter outlines.
    c. The relationship makes sense based on the book summary and chapter outline. The summary mentions Jim's intelligence and ability to read and write, which implies he can switch between different forms of speech as needed.

Since all considerations are satisfied, the claim is VALID.",Jim demonstrates the ability to switch between educated speech when interacting with the Virginia Minstrels and slave dialect when teaching slave children.,"- Component 1: Jim demonstrates the ability to switch between educated speech when teaching slave children.
- Component 2: Jim demonstrates the ability to switch to slave dialect when interacting with the Virginia Minstrels.
- Relationship: Temporal (Component 1 -> Component 2)
- Change the context of Jim's use of educated speech from teaching slave children to interacting with the Virginia Minstrels, which contradicts the chapter outline as Jim does not teach the Virginia Minstrels."
"Jim's physical features, including his hair, are exploited for entertainment or curiosity by both himself and others in different contexts.","In Chapter 3, Jim uses a mule's hairball to perform a ""magic"" trick, pretending to tell Huck's fortune. This shows Jim using superstition and physical objects for entertainment. Later, in Chapters 30 and 31, Polly's father touches Jim's hair, making racist comments and causing a commotion. These incidents demonstrate how Jim's physical features, particularly his hair, are subject to unwanted attention and exploitation by others.","Chapter 3, 30, 31","
- Chapter 3, item 4: Jim performs a ""magic"" trick with a mule's hairball, pretending to tell Huck's fortune regarding his father and future.
- Chapter 30, item 4: Polly's father interrupts their conversation, touching Jim's hair and making racist comments in the auditorium.
- Chapter 31, item 1: Jim is awakened in the tent by Polly's father touching his hair, causing a commotion that alerts the entire troupe.
Relationship: Exploitation of Jim's physical features for entertainment or curiosity
",Unique,Valid claim,VALID,"1. Analysis of atomic parts:
    a. ""Jim's physical features, including his hair, are exploited for entertainment or curiosity by both himself and others in different contexts"":
        - ""Jim's physical features, including his hair"": This part is grounded in the events described in Chapter 30 and Chapter 31, where Jim's hair is touched and commented on by Polly's father.
        - ""are exploited for entertainment or curiosity by both himself and others in different contexts"": This part is also grounded in the events. In Chapter 30, Jim is part of the Virginia Minstrels, performing in blackface makeup, which is a form of entertainment exploiting his physical features. Additionally, Polly's father touching Jim's hair and making racist comments shows curiosity and exploitation by others.

2. Analysis of the relationship between atomic parts:
    a. The relationship is objectively valid and meaningful. The claim connects Jim's physical features being exploited for entertainment (as part of the Virginia Minstrels) and curiosity (Polly's father touching his hair) by both himself (participating in the minstrel show) and others (Polly's father).
    b. The relationship is not a subjective interpretation or assumption; it is explicitly grounded in the chapter outlines.
    c. The relationship makes sense based on the book summary and chapter outline. The summary mentions the psychological and physical toll on those enslaved, which aligns with the exploitation of Jim's physical features.

Since all considerations are satisfied, the claim is VALID.","Jim's physical features, including his hair, are exploited by himself for entertainment or curiosity in different contexts.","- Component 1: Jim's physical features, including his hair, are exploited for entertainment or curiosity.
- Component 2: Both Jim and others exploit his physical features in different contexts.
- Relationship: Mutual involvement (Jim and others exploit Jim's features)
- Change the relationship to indicate that only Jim exploits his own features, which contradicts the outline where others, such as Polly's father, also exploit his hair for curiosity."
Jim's life changes from sharing cornbread with his family to working dangerous pit saws at Henderson's sawmill.,"This fact demonstrates the stark contrast in Jim's living conditions and experiences. Initially, in Chapter 1, Jim receives cornbread from Miss Watson to share with his family, indicating a relatively stable, though enslaved, life. Later, in Chapter 36, Jim is forced to work in dangerous conditions at Henderson's sawmill, specifically on the pit saw. This change highlights the deterioration of Jim's circumstances throughout the story.","Chapter 1, 36","
- Chapter 1, item 4: Jim receives cornbread from Miss Watson and takes it home to share with his family.
- Chapter 36, item 2: Jim works at the pit saw with Sammy, experiencing difficult and dangerous conditions at Henderson's sawmill.
- Relationship: Contrast in Jim's living conditions and experiences
",Unique,Valid claim,VALID,"1. Analysis of atomic parts:
    a. ""Jim's life changes from sharing cornbread with his family"": This part is grounded in Chapter 1, where Jim receives cornbread from Miss Watson and takes it home to share with his family (event 4).
    b. ""to working dangerous pit saws at Henderson's sawmill"": This part is grounded in Chapter 36, where Jim works at the pit saw with Sammy under difficult and dangerous conditions (event 2).

2. Analysis of the relationship between atomic parts:
    a. The relationship is objectively valid and meaningful. The claim describes a significant change in Jim's life circumstances, from a relatively peaceful activity (sharing cornbread with his family) to a perilous and harsh one (working at a dangerous sawmill).
    b. The relationship is not a subjective interpretation or assumption. It is a factual statement about the progression of Jim's experiences as described in the chapter outlines.
    c. The relationship makes sense based on the book summary and chapter outline. The summary describes Jim's journey and the various challenges he faces, which include working in harsh conditions and experiencing severe treatment.

Since all considerations are satisfied, the claim is VALID.",Jim's life changes from sharing cornbread with his family to working dangerous pit saws at Wiley's sawmill.,"- Component 1: Jim shares cornbread with his family.
- Component 2: Jim works dangerous pit saws at Henderson's sawmill.
- Relationship: Temporal (component 1 occurs before component 2)
- Change the location of the sawmill from Henderson's to Wiley's, which contradicts the chapter outline as Jim works at Henderson's sawmill, not Wiley's."
The plan to repeatedly sell Jim as a slave is proposed twice,"This fact highlights a recurring theme of exploiting Jim's status as a slave, but with different motivations. In Chapter 22, the con men explain their plan to repeatedly sell Jim as a runaway slave for their own profit. Later, in Chapter 33, Jim and Norman discuss a similar plan, but with the intention of using the money to buy their families' freedom. This parallel demonstrates how the same action can be used for both exploitation and potential liberation.","Chapter 22, 33","
- Chapter 22, item 3: The con men explain their plan to repeatedly sell Jim as a runaway slave for profit.
- Chapter 33, item 2: Jim and Norman discuss their plan to repeatedly sell and free Jim to earn money for buying their families' freedom in the woods.
Relationship: Similar plans for selling Jim, but with different motivations
",Unique,Valid claim,VALID,"1. Analysis of atomic parts:
    a. ""The plan to repeatedly sell Jim as a slave"": This part is grounded in both Chapter 22 (event 3) and Chapter 33 (event 2).
    b. ""is proposed twice"": This part implies that the plan is mentioned on two separate occasions.

2. Analysis of the relationship between atomic parts:
    a. The relationship is objectively valid and meaningful. The plan to repeatedly sell Jim as a slave is indeed mentioned in both Chapter 22 and Chapter 33.
    b. The relationship is not a subjective interpretation or assumption. It is explicitly stated in the chapter outlines.
    c. The relationship makes sense based on the book summary and chapter outline. There is no contradicting information in the summary or outline.

Since both atomic parts are grounded in the events of the chapter outlines and the relationship between them is valid and meaningful, the claim is consistent with the provided information.",The plan to repeatedly sell Jim as a slave is proposed once.,"- Component 1: The plan to repeatedly sell Jim as a slave.
- Component 2: The plan is proposed twice.
- Relationship: Frequency (component 2 describes how often component 1 occurs)
- Change the frequency from ""twice"" to ""once,"" which contradicts the outline where the plan is proposed more than once."
Jim transitions from teaching slave children about behavior around white people to having his appearance altered for a minstrel show.,"This fact demonstrates a significant change in Jim's circumstances and roles. In Chapter 2, he is in a position of authority, teaching slave children about interacting with white people. Later, in Chapter 28, his own appearance is being altered to conform to white expectations for a minstrel show. This contrast highlights the complex and changing nature of Jim's experiences throughout the story.","Chapter 2, 28","
- Chapter 2, item 1: Jim conducts a language lesson for slave children in his cabin, teaching them how to speak and behave around white people.
- Chapter 28, item 7: Emmett approves Jim's appearance but notes the lack of shoes, deciding to have Jim's feet blackened like the rest of him for the act.
- Relationship: Contrast in Jim's roles and treatment
",Unique,Valid claim,VALID,"1. Analysis of atomic parts:
    a. ""Jim transitions from teaching slave children about behavior around white people"": This part is grounded in event 1 of Chapter 2, where Jim conducts a language lesson for slave children in his cabin, teaching them how to speak and behave around white people.
    b. ""to having his appearance altered for a minstrel show"": This part is grounded in events 5, 6, and 7 of Chapter 28, where Jim is given new clothes, helped to dress properly, and has his feet blackened for the minstrel show.

2. Analysis of the relationship between atomic parts:
    a. The relationship is objectively valid and meaningful. The claim describes a transition in Jim's activities from one context (teaching slave children) to another (preparing for a minstrel show).
    b. The relationship is not a subjective interpretation or assumption. It is a factual statement about the sequence of events in Jim's life.
    c. The relationship makes sense based on the book summary and chapter outline. The summary describes Jim's journey and various encounters, and the chapter outlines provide specific details about his activities in different contexts.

Since all considerations are satisfied, the claim is VALID.",Jim transitions from teaching slave children about behavior around white people to having his appearance altered for a church choir.,"- Component 1: Jim teaches slave children about behavior around white people.
- Component 2: Jim's appearance is altered for a minstrel show.
- Relationship: Temporal (component 1 -> component 2)
- Change the minstrel show to a church choir, which is not mentioned in the chapter outline."
"Jim steals skiffs twice during his journey, once with Huck to escape robbers and later with Norman to continue their escape.","This fact highlights a recurring action in Jim's journey. In both instances, Jim resorts to stealing a small boat (skiff) as a means of escape. The first time, in Chapter 10, he steals a skiff with Huck to escape from robbers during a storm. Later, in Chapter 39, he steals another skiff with Norman to continue their escape. This demonstrates Jim's resourcefulness and the desperate measures he takes to maintain his freedom throughout the story.","Chapter 10, 39","
- Chapter 10, item 6: Jim and Huck steal the robbers' skiff and escape down the river during the storm.
- Chapter 39, item 5: Jim and Norman steal the skiff at night and paddle into the Mississippi River, heading towards the eastern shore.
- Relationship: Similar actions of stealing boats for escape
",Unique,Valid claim,VALID,"1. Analysis of atomic parts:
    a. ""Jim steals skiffs twice during his journey"": This part needs to be broken down further:
        i. ""Jim steals a skiff with Huck to escape robbers"": This part is grounded in Chapter 10, events 5 and 6.
        ii. ""Jim steals a skiff with Norman to continue their escape"": This part is grounded in Chapter 39, events 5 and 6.
2. Analysis of the relationship between atomic parts:
    a. The relationship is objectively valid and meaningful. Both parts describe separate instances where Jim steals a skiff, once with Huck and once with Norman.
    b. The relationship is not a subjective interpretation or assumption; it is explicitly stated in the chapter outlines.
    c. The relationship makes sense based on the book summary and chapter outline. There is no contradicting information in the summary or outline.

Since all considerations are satisfied, the claim is VALID.","Jim steals skiffs twice during his journey, once with Huck to escape robbers and later with Norman to escape from the Virginia Minstrels.","- Component 1: Jim steals a skiff with Huck to escape robbers.
- Component 2: Jim steals a skiff with Norman to continue their escape.
- Relationship: Temporal (component 1 occurs before component 2)
- Change the second component to Jim stealing a skiff with Norman to escape from the Virginia Minstrels, which contradicts the outline as they steal a skiff to continue their escape, not from the Virginia Minstrels."
Jim experiences both the empowerment of private reading and the forced silence of racial performance.,"This fact illustrates the complex and contradictory experiences Jim faces throughout his journey. In Chapter 11, Jim recognizes the power and privacy that reading affords him, viewing it as a subversive act. However, in Chapter 29, he must remain silent during the minstrel performance, adhering to racial stereotypes. This contrast highlights the tension between Jim's personal growth and the societal constraints imposed upon him due to his race.","Chapter 11, 29","
- Chapter 11, item 6: Jim reflects on the power and privacy of reading as a subversive act.
- Chapter 29, item 5: Norman explains to Jim the complex racial dynamics of their performance, emphasizing the importance of staying silent.
- Relationship: Contrast between empowerment through literacy and forced silence
",Unique,Valid claim,VALID,"1. Analysis of atomic parts:
    a. ""Jim experiences both the empowerment of private reading"": This part is grounded in Chapter 11, specifically in events 5, 6, and 7, where Jim contemplates reading a book and reflects on the power and privacy of reading as a subversive act.
    b. ""the forced silence of racial performance"": This part is grounded in Chapter 29, specifically in events 1, 2, 3, and 5, where Jim is involved in blackface performances and is advised by Norman to stay silent.

2. Analysis of the relationship between atomic parts:
    a. The relationship is objectively valid and meaningful. It contrasts two different experiences of Jim: the empowerment he feels through private reading and the forced silence he endures during racial performances.
    b. The relationship is not a subjective interpretation or assumption. It is explicitly grounded in the events described in the chapter outlines.
    c. The relationship makes sense based on the book summary and chapter outline. The summary mentions the psychological and physical toll on those enslaved, which aligns with the contrasting experiences of empowerment and forced silence.

Since all considerations are satisfied, the claim is VALID.",Jim experiences both the empowerment of public reading and the forced silence of racial performance.,"- Component 1: Jim experiences the empowerment of private reading.
- Component 2: Jim experiences the forced silence of racial performance.
- Relationship: Conjunction (both experiences are part of Jim's journey)
- Change Component 1 to Jim experiences the empowerment of public reading, which contradicts the outline as Jim's reading is described as a private and subversive act."
Jim engages in storytelling involving supernatural elements on two occasions,"In Chapter 3, Jim performs a ""magic"" trick using a mule's hairball to pretend to tell Huck's fortune about his father and future. Later, in Chapter 11, Jim and Huck discuss the story of a genie in a lamp while resting in the woods. Both instances show Jim's involvement in storytelling that incorporates supernatural or magical elements, demonstrating his ability to use such narratives in different contexts throughout his journey.","Chapter 3, 11","
- Chapter 3, item 4: Jim performs a ""magic"" trick with a mule's hairball, pretending to tell Huck's fortune regarding his father and future.
- Chapter 11, item 1: Huck and Jim discuss the story of a genie in a lamp while resting in the woods.
- Relationship: Supernatural or magical elements in storytelling
",Unique,Valid claim,VALID,"1. Analysis of atomic parts:
    a. ""Jim engages in storytelling involving supernatural elements"": This part is grounded in the events of Chapter 3 and Chapter 11. In Chapter 3, Jim performs a ""magic"" trick with a mule's hairball, pretending to tell Huck's fortune, which involves supernatural elements. In Chapter 11, Jim and Huck discuss the story of a genie in a lamp, which also involves supernatural elements.
    b. ""on two occasions"": This part is consistent with the chapter outlines, as the storytelling involving supernatural elements occurs in both Chapter 3 and Chapter 11.

2. Analysis of the relationship between atomic parts:
    a. The relationship is objectively valid and meaningful. The claim accurately identifies that Jim engages in storytelling involving supernatural elements on two separate occasions, as described in the chapter outlines.
    b. The relationship is not a subjective interpretation or assumption; it is explicitly stated in the chapter outlines.
    c. The relationship makes sense based on the book summary and chapter outline. There is no contradicting information in the summary or outline.

Since all considerations are satisfied, the claim is VALID.",Jim engages in storytelling involving historical elements on two occasions.,"- Component 1: Jim engages in storytelling.
- Component 2: The storytelling involves supernatural elements.
- Relationship: Descriptive (component 2 describes component 1)
- Change the storytelling to involve historical elements instead of supernatural ones, which contradicts the chapter outline where Jim tells a fantastical story about being transported to New Orleans."
Jim and Huck encounter abandoned vessels during storms on two separate occasions,"In Chapter 5, Jim and Huck discover a floating house during a storm and paddle to it in a canoe to search for provisions. Later, in Chapter 10, they come across a wrecked steamboat called the Walter Scott grounded on a shoal during another storm. These incidents demonstrate a recurring pattern of Jim and Huck discovering abandoned vessels during adverse weather conditions, which they explore for various reasons throughout their journey.","Chapter 5, 10","
- Chapter 5, item 3: Jim and Huck discover a floating house during the storm and paddle to it in a canoe to search for provisions.
- Chapter 10, item 3: During a storm, Jim and Huck discover a wrecked steamboat called the Walter Scott grounded on a shoal.
- Relationship: Discovering abandoned vessels during storms
",Unique,Valid claim,VALID,"1. Analysis of atomic parts:
    a. ""Jim and Huck encounter abandoned vessels"": This part is grounded in the events described in the chapter outlines. In Chapter 5, they discover a floating house during a storm (event 3). In Chapter 10, they discover a wrecked steamboat called the Walter Scott during a storm (event 3).
    b. ""during storms on two separate occasions"": This part is also grounded in the chapter outlines. Both encounters with the floating house and the wrecked steamboat occur during storms, as described in Chapter 5 (event 2) and Chapter 10 (event 3).

2. Analysis of the relationship between atomic parts:
    a. The relationship is objectively valid and meaningful. The claim accurately describes two separate encounters with abandoned vessels during storms, which are significant events in the narrative.
    b. The relationship is not a subjective interpretation or assumption. It is explicitly stated in the chapter outlines.
    c. The relationship makes sense based on the book summary and chapter outline. There is no contradicting information in the summary or outline.

Since all considerations are satisfied, the claim is VALID.",Jim and Huck encounter abandoned vessels during calm weather on two separate occasions.,"- Component 1: Jim and Huck encounter abandoned vessels.
- Component 2: The encounters occur during storms.
- Relationship: Temporal (component 2 -> component 1)
- Change the temporal relationship to indicate that the encounters occur during calm weather, which contradicts the outline where the encounters happen during storms."
The Mississippi River is the site of two unusual search and rescue events,"In Chapter 4, searchers use unconventional methods like firing a cannon and floating quicksilver bread to find Huck's supposed corpse in the river. Later, in Chapter 21, Jim and Huck witness a burning steamboat on the river with people jumping into the water and being rescued by small boats. Both events showcase unusual and dramatic search and rescue situations on the Mississippi River.","Chapter 4, 21","
- Chapter 4, item 6: The searchers fire a cannon and float quicksilver bread to find Huck's supposed corpse in the river.
- Chapter 21, item 6: At night, Jim and Huck witness a burning steamboat across the river, observing people jumping into the water and being rescued by small boats.
- Relationship: Unusual events on the river involving search and rescue
",Unique,Valid claim,VALID,"1. Analysis of atomic parts:
    a. The Mississippi River is the site of two unusual search and rescue events:
        - The first event is grounded in Chapter 4, where a ferryboat passes by the island, carrying Judge Thatcher, Bessie, and Aunt Polly, who are searching for Huck's body. They fire a cannon and float quicksilver bread to find Huck's supposed corpse in the river.
        - The second event is grounded in Chapter 21, where Jim and Huck witness a burning steamboat across the river, observing people jumping into the water and being rescued by small boats.

2. Analysis of the relationship between atomic parts:
    a. The relationship is objectively valid and meaningful. Both events involve search and rescue operations on the Mississippi River.
    b. The relationship is not a subjective interpretation or assumption; it is explicitly stated in the chapter outlines.
    c. The relationship makes sense based on the book summary and chapter outline. There is no contradicting information in the summary or outline.

Since all considerations are satisfied, the claim is VALID.",The Mississippi River is the site of one unusual search and rescue event.,"- Component 1: The Mississippi River is the site of two unusual search events.
- Component 2: The Mississippi River is the site of two unusual rescue events.
- Relationship: Conjunction (both search and rescue events occur on the Mississippi River)
- Change the number of unusual search and rescue events from two to one, which contradicts the chapter outline that describes multiple such events."
"Jim's status as a runaway slave is evidenced by a wanted poster with his picture, and he later steals necessities including bread, shoes, and a notebook before fleeing.","In Chapter 22, the Duke reveals a wanted poster with Jim's picture, confirming his status as a runaway slave. Later, in Chapter 32, Jim steals bread, shoes, and Daniel Emmett's notebook before fleeing into the dense trees. These actions demonstrate Jim's continued efforts to survive and evade capture as a runaway slave, showing the ongoing challenges he faces.","Chapter 22, 32","
- Chapter 22, item 3: The Duke reveals a wanted poster with Jim's picture and threatens to shout ""runaway"" if they try to escape.
- Chapter 32, item 1: Jim steals bread, shoes, and Daniel Emmett's notebook before fleeing into the dense trees.
- Relationship: Jim's actions and identity as a runaway slave
",Unique,Valid claim,VALID,"1. Analysis of atomic parts:
    a. ""Jim's status as a runaway slave is evidenced by a wanted poster with his picture"": This part is grounded in event 2 of Chapter 22, where the Duke reveals a wanted poster with Jim's picture.
    b. ""he later steals necessities including bread, shoes, and a notebook before fleeing"": This part is grounded in event 6 of Chapter 32, where Jim steals bread, shoes, and Daniel Emmett's notebook before fleeing into the dense trees.

2. Analysis of the relationship between atomic parts:
    a. The relationship is objectively valid and meaningful. The claim connects Jim's status as a runaway slave, evidenced by the wanted poster, to his actions of stealing necessities and fleeing, which are consistent with the behavior of someone in his situation.
    b. The relationship is not a subjective interpretation or assumption. It is based on specific events described in the chapter outlines.
    c. The relationship makes sense based on the book summary and chapter outline. The summary describes Jim as a runaway slave, and the chapter outlines provide specific instances that support this status and his actions.

Since all considerations are satisfied, the claim is VALID.","Jim's status as a runaway slave is evidenced by a wanted poster with his picture, and he later steals necessities including bread, shoes, and a blanket before fleeing.","- Component 1: Jim's status as a runaway slave is evidenced by a wanted poster with his picture.
- Component 2: Jim later steals necessities including bread, shoes, and a notebook before fleeing.
- Relationship: Temporal (component 1 -> component 2)
- Change the item ""notebook"" to ""blanket,"" which is not mentioned in the chapter outline as something Jim steals."
Jim's interactions with the Virginia Minstrels involve both his natural singing ability and his deliberate use of slave dialect.,"In Chapter 26, Daniel Decatur Emmett and the Virginia Minstrels are attracted to the livery stable by Jim's singing while he works. Later, in Chapter 29, Jim deliberately responds to Emmett using slave dialect at the Virginia Minstrels' camp. These instances show how Jim's musical talent initially draws the attention of the minstrel group, and how he later adapts his speech to conform to their expectations, demonstrating his ability to navigate complex racial dynamics.","Chapter 26, 29","
- Chapter 26, item 7: Daniel Decatur Emmett and the Virginia Minstrels arrive at the livery stable while Jim is singing and working.
- Chapter 29, item 7: Emmett calls for Jim to be ready, and Jim responds using slave dialect at the Virginia Minstrels' camp.
- Relationship: Jim's interaction with the Virginia Minstrels and use of dialect
",Unique,Valid claim,VALID,"1. Analysis of atomic parts:
    a. ""Jim's interactions with the Virginia Minstrels involve both his natural singing ability"": This part is grounded in event 7 of Chapter 26, where Jim is singing while working, and event 7 of Chapter 29, where Jim responds using slave dialect at the Virginia Minstrels' camp.
    b. ""and his deliberate use of slave dialect"": This part is grounded in event 7 of Chapter 29, where Jim responds using slave dialect at the Virginia Minstrels' camp.

2. Analysis of the relationship between atomic parts:
    a. The relationship is objectively valid and meaningful. Jim's interactions with the Virginia Minstrels involve both his singing ability and his use of slave dialect, which are both explicitly mentioned in the chapter outlines.
    b. The relationship is not a subjective interpretation or assumption; it is explicitly stated in the chapter outlines.
    c. The relationship makes sense based on the book summary and chapter outline. There is no contradicting information in the summary or outline.

Since all considerations are satisfied, the claim is VALID.",Jim's interactions with the Virginia Minstrels involve both his natural singing ability and his deliberate use of a British accent.,"- Component 1: Jim's interactions with the Virginia Minstrels involve his natural singing ability.
- Component 2: Jim's interactions with the Virginia Minstrels involve his deliberate use of slave dialect.
- Relationship: Conjunctive (both components are part of Jim's interactions with the Virginia Minstrels)
- Change Component 2 to indicate that Jim's interactions involve his deliberate use of a different dialect, such as a British accent, which contradicts the chapter outline."
Jim experiences the emotional impact of slave sales from both perspectives,"In Chapter 35, Norman negotiates with Henderson to sell Jim (under the name ""February"") for 350 dollars at the sawmill, putting Jim in the position of being sold. Later, in Chapter 46, Jim learns from Doris that his wife Sadie and daughter Lizzie have been sold, causing him to break down in grief. These two events show the devastating emotional impact of slave sales from both the perspective of being sold and having loved ones sold away.","Chapter 35, 46","
- Chapter 35, item 4: Norman negotiates with Henderson to sell Jim (as ""February"") for 350 dollars at the sawmill.
- Chapter 46, item 4: Doris informs Jim that Sadie and Lizzie have been sold, causing Jim to break down in grief.
- Relationship: The sale of slaves and its emotional impact
",Unique,Valid claim,VALID,"1. Analysis of atomic parts:
    a. ""Jim experiences the emotional impact of slave sales"": This part is grounded in event 4 of Chapter 46, where Jim breaks down in grief after learning that Sadie and Lizzie have been sold.
    b. ""from both perspectives"": This part implies that Jim has experienced the emotional impact of slave sales from more than one viewpoint or situation.

2. Analysis of the relationship between atomic parts:
    a. The relationship is objectively valid and meaningful. The claim suggests that Jim has experienced the emotional impact of slave sales in multiple ways, which is supported by the chapter outline and the book summary.
    b. The relationship is not a subjective interpretation or assumption. The book summary and chapter outline provide enough context to infer that Jim has experienced the emotional impact of slave sales from different perspectives. For example, in the book summary, Jim's journey begins with the knowledge that his family has been sold, and he later experiences the emotional impact again when he learns about the sale from Doris in Chapter 46.
    c. The relationship makes sense based on the book summary and chapter outline. The book summary describes Jim's harrowing journey to find and free his family, which inherently involves experiencing the emotional impact of their sale. The chapter outline provides specific instances of this emotional impact.

Since all considerations are satisfied, the claim is VALID.",Jim experiences the emotional impact of slave sales solely from the perspective of a seller.,"- Component 1: Jim experiences the emotional impact of slave sales.
- Component 2: Jim experiences this impact from both perspectives.
- Relationship: Perspective (Jim's perspective on slave sales is multifaceted, experiencing it from both sides)
- Change the perspective to only one side, specifically as a seller, which contradicts the chapter outline where Jim is primarily affected as a victim of slave sales."
"Jim confronts Overseer Hopkins on Jackson Island, taking advantage of Hopkins' drunken state to reveal his identity and take the overseer's pistol.","In Chapter 47, Jim observes a group of white men leaving the beach on Jackson Island, with Overseer Hopkins remaining behind drunk. This sets the stage for the confrontation in Chapter 48, where Jim approaches the drunk Hopkins by the fire, takes his pistol, and reveals his identity to the overseer. This sequence of events shows Jim taking a bold and dangerous action, confronting a figure of authority from his past while using the overseer's vulnerable state to his advantage.","Chapter 47, 48","
- Chapter 47, item 2: Jim observes a group of white men leaving the beach on Jackson Island, with Overseer Hopkins remaining behind drunk.
- Chapter 48, item 3: Jim approaches the drunk Hopkins by the fire, takes his pistol, and reveals his identity to the overseer.
- Relationship: Jim's confrontation with Overseer Hopkins
",Unique,Valid claim,VALID,"1. Analysis of atomic parts:
    a. ""Jim confronts Overseer Hopkins on Jackson Island"": This part is grounded in event 3 of Chapter 48, where Jim approaches the drunk Hopkins by the fire and reveals his identity.
    b. ""taking advantage of Hopkins' drunken state"": This part is grounded in event 3 of Chapter 48, where it is mentioned that Hopkins is drunk.
    c. ""to reveal his identity and take the overseer's pistol"": This part is grounded in event 3 of Chapter 48, where Jim takes Hopkins' pistol and reveals his identity.

2. Analysis of the relationship between atomic parts:
    a. The relationship is objectively valid and meaningful. Jim's confrontation with Hopkins is directly related to Hopkins' drunken state, which Jim takes advantage of to reveal his identity and take the pistol.
    b. The relationship is not a subjective interpretation or assumption; it is explicitly stated in the chapter outline.
    c. The relationship makes sense based on the book summary and chapter outline. There is no contradicting information in the summary or outline.

Since all considerations are satisfied, the claim is VALID.","Jim confronts Overseer Hopkins on the mainland, taking advantage of Hopkins' drunken state to reveal his identity and take the overseer's pistol.","- Component 1: Jim confronts Overseer Hopkins on Jackson Island.
- Component 2: Jim takes advantage of Hopkins' drunken state.
- Component 3: Jim reveals his identity to Hopkins.
- Component 4: Jim takes the overseer's pistol.
- Relationship: Temporal and causal (component 2 -> component 3 and component 4)
- Change the location from Jackson Island to the mainland, which contradicts the outline as the confrontation occurs on Jackson Island."
"Jim frees four chained slave men at the Graham farm and subsequently leads a group of escaped slaves, including his family, northward from the farm.","In Chapter 51, Jim encounters four chained slave men at the Graham farm and uses a knife to free them from their shackles. This action sets the stage for the events in Chapter 52, where Jim, along with his wife Sadie, daughter Lizzie, and the other escaped slaves, flee north from the Graham farm using both the road and a path. These events demonstrate Jim's leadership role in not only freeing other slaves but also guiding them towards freedom, showcasing his bravery and commitment to helping others escape slavery.","Chapter 51, 52","
- Chapter 51, item 4: Jim encounters four chained slave men at the Graham farm and uses a knife to free them from their shackles.
- Chapter 52, item 7: Jim, Sadie, Lizzie, and the other escaped slaves flee north from the Graham farm, using both the road and a path.
- Relationship: Jim's role in freeing and leading a group of escaped slaves
",Unique,Valid claim,VALID,"1. Analysis of atomic parts:
    a. ""Jim frees four chained slave men at the Graham farm"": This part is grounded in event 4 of Chapter 51.
    b. ""subsequently leads a group of escaped slaves, including his family, northward from the farm"": This part is grounded in events 4, 6, and 7 of Chapter 52.

2. Analysis of the relationship between atomic parts:
    a. The relationship is objectively valid and meaningful. The freeing of the four chained slave men is a precursor to leading the group of escaped slaves, including his family, northward from the farm. This sequence of events is logical and follows a clear progression.
    b. The relationship is not a subjective interpretation or assumption. It is explicitly stated in the chapter outline that Jim frees the slaves and then leads them, including his family, northward.
    c. The relationship makes sense based on the book summary and chapter outline. The summary mentions that James (Jim) incites a rebellion and leads a group of slaves, including his family, northward, which aligns with the events described in the chapter outlines.

Since all considerations are satisfied, the claim is VALID.","Jim frees four chained slave men at Henderson's sawmill and subsequently leads a group of escaped slaves, including his family, northward from the farm.","- Component 1: Jim frees four chained slave men at the Graham farm.
- Component 2: Jim leads a group of escaped slaves, including his family, northward from the farm.
- Relationship: Sequential (component 1 -> component 2)
- Change the location from the Graham farm to a different location, such as the Henderson's sawmill, which contradicts the outline."
"Jim's initial survival skills on Jackson Island, including swimming across the Mississippi and using a trotline for fishing, are later tested when a severe rainstorm forces him and Huck to seek shelter in a cave.","In Chapter 4, Jim demonstrates his ability to swim across the Mississippi and use a trotline for fishing, showing his initial survival skills on the island. These skills are put to the test in Chapter 5 when a severe rainstorm hits, forcing Jim and Huck to adapt to new challenges by seeking shelter in a cave. This connection highlights the progression of their survival situation on the island.","Chapter 4, 5","
- Chapter 4, item 2: Jim swims across the Mississippi River at night, catching fish on a trotline and spending the night on the island.
- Chapter 5, item 2: A severe rainstorm hits the island, causing flooding and forcing Jim and Huck to take shelter in a cave.
- Relationship: Setting development, survival skills
",Unique,Valid claim,VALID,"1. Analysis of atomic parts:
    a. ""Jim's initial survival skills on Jackson Island, including swimming across the Mississippi and using a trotline for fishing"": This part is grounded in events 2 and 3 of Chapter 4, where Jim swims across the Mississippi River and uses a trotline for fishing.
    b. ""are later tested when a severe rainstorm forces him and Huck to seek shelter in a cave"": This part is grounded in events 2 and 3 of Chapter 5, where a severe rainstorm hits the island, causing flooding and forcing Jim and Huck to take shelter in a cave.

2. Analysis of the relationship between atomic parts:
    a. The relationship is objectively valid and meaningful. The claim connects Jim's initial survival skills with a later event where those skills are tested by a severe rainstorm. This shows a progression and application of his skills in a challenging situation.
    b. The relationship is not a subjective interpretation or assumption. It is based on the events described in the chapter outline.
    c. The relationship makes sense based on the book summary and chapter outline. There is no contradicting information, and the progression from initial survival skills to being tested by a rainstorm is logical and coherent.

Since all considerations are satisfied, the claim is VALID.","Jim's initial survival skills on Jackson Island, including swimming across the Mississippi and using a trotline for fishing, are later tested when a severe rainstorm forces him and Huck to seek shelter in a forest.","- Component 1: Jim's initial survival skills on Jackson Island include swimming across the Mississippi.
- Component 2: Jim's initial survival skills on Jackson Island include using a trotline for fishing.
- Component 3: A severe rainstorm forces Jim and Huck to seek shelter in a cave.
- Relationship: Temporal (Component 1 and 2 precede Component 3), Causal (Component 3 tests Jim's skills)
- Change the location of the severe rainstorm to a different setting, such as a forest, which contradicts the outline where the storm occurs on Jackson Island."
