facts,explanation,source,brainstorm
"After Cyrus asks God to reveal Himself by flashing the light bulb in his room, the light bulb flickers or brightens for a fraction of a second.","This fact combines two closely related events from the chapter outline. It shows a direct temporal and potentially causal relationship between Cyrus's request and the light bulb's response, which is central to Cyrus's experience in this chapter.",Chapter 1 (Events 2 and 3),"
- Event 2: Cyrus asks God to reveal Himself by flashing the light bulb in his room.
- Event 3: The light bulb in Cyrus's room flickers or brightens for a fraction of a second.
- Relationship: Temporal and causal
"
"Cyrus, after reflecting on the drugs he has consumed throughout the day, questions whether the light flickering was due to his intense desire or actual divine intervention.","This fact combines Cyrus's drug consumption with his uncertainty about the nature of the light flickering. It shows how Cyrus's drug use influences his interpretation of the event, highlighting the ambiguity of his experience.",Chapter 1 (Events 4 and 5),"
- Event 4: Cyrus reflects on the drugs he has consumed throughout the day.
- Event 5: Cyrus wonders if the light flickering was a result of his intense desire or actual divine intervention.
- Relationship: Causal consideration
"
"When Cyrus asks God to repeat the sign for confirmation, the light does not flicker again, forcing Cyrus to interpret the experience on his own.","This fact combines Cyrus's request for confirmation with the lack of response, showing the immediate consequence of his request. It highlights the ambiguity of the situation and Cyrus's need to make sense of the experience without further divine intervention.",Chapter 1 (Events 6 and 7),"
- Event 6: Cyrus asks God to repeat the sign for confirmation.
- Event 7: The light does not flicker again, leaving Cyrus to decide how to interpret the experience.
- Relationship: Temporal and consequential
"
"While lying on his mattress in his bedroom at Keady University and contemplating his relationship with God, Cyrus asks God to reveal Himself by flashing the light bulb in his room.",This fact combines the setting and Cyrus's initial state of mind with his specific request to God. It provides context for Cyrus's actions and shows how his contemplation leads to a direct attempt to communicate with God.,Chapter 1 (Events 1 and 2),"
- Event 1: Cyrus lies on his mattress in his bedroom at Keady University, contemplating his relationship with God.
- Event 2: Cyrus asks God to reveal Himself by flashing the light bulb in his room.
- Relationship: Temporal and causal
"
"Cyrus, assigned the role of Sandra Kaufmann, a widowed high school math teacher, receives news of a brain tumor diagnosis from Dr. Monfort during a medical acting scenario at Keady University Hospital.","The chapter outline shows a clear sequence of events where Cyrus is first assigned a specific role (Sandra Kaufmann) and then participates in a scenario where he receives a brain tumor diagnosis from Dr. Monfort. This fact combines these two related events, providing context for Cyrus's medical acting experience.","Chapter 2 (Events 3, 4)","
- Event 3: Cyrus receives his role assignment as Sandra Kaufmann, a widowed high school math teacher.
- Event 4: Dr. Monfort enters the room to deliver bad news about a brain tumor diagnosis to Cyrus (as Sandra Kaufmann).
- Relationship: Temporal and contextual
"
"When Cyrus deviates from the medical acting script by sharing his personal history of suicidal thoughts and alcohol abuse, Dr. Monfort responds by suggesting that Cyrus might have additional psychological issues requiring treatment.",This fact demonstrates a clear cause-and-effect relationship between Cyrus's deviation from the script and Dr. Monfort's response. It highlights how Cyrus's personal experiences influence his performance and the unexpected reaction from the medical student.,"Chapter 2 (Events 5, 6)","
- Event 5: Cyrus deviates from the script, sharing a personal story about his past suicidal thoughts and alcohol abuse.
- Event 6: Dr. Monfort responds by suggesting Cyrus might have additional psychological issues that need treatment.
- Relationship: Cause and effect
"
"Cyrus's experience as a medical actor at Keady University Hospital begins with preparation for his role and concludes with him writing a glowing report for Dr. Monfort, despite feeling embarrassed as he leaves the hospital.","This fact encapsulates the entire arc of Cyrus's medical acting experience in this chapter, from his initial preparation to the conclusion of his performance. It highlights the contrast between his professional actions (writing a positive report) and his personal feelings (embarrassment), providing insight into Cyrus's character and the complexity of his job.","Chapter 2 (Events 1, 7)","
- Event 1: Cyrus prepares for his role as a medical actor at Keady University Hospital.
- Event 7: Cyrus completes the performance, writes a glowing report for Dr. Monfort, and leaves the hospital feeling embarrassed.
- Relationship: Beginning and end of a sequence
"
"Zee's concern about the potential negative effects of Cyrus's medical acting job on his mental health is realized when Cyrus deviates from the script during a performance, sharing his personal history of suicidal thoughts and alcohol abuse.","This fact connects Zee's earlier concerns with Cyrus's actual behavior during the medical acting scenario. It demonstrates how Cyrus's personal struggles impact his professional performance, validating Zee's worries about the job's potential negative effects on Cyrus's mental health.","Chapter 2 (Events 2, 5)","
- Event 2: Cyrus has a conversation with his roommate Zee about the potential negative effects of his job on his mental health.
- Event 5: Cyrus deviates from the script, sharing a personal story about his past suicidal thoughts and alcohol abuse.
- Relationship: Foreshadowing and manifestation
"
Cyrus attends an AA meeting at the Camp5 Center where he expresses his frustrations about sobriety and the program.,"The outline shows a clear sequence of events where Cyrus first drives to the AA meeting at Camp5 Center, and then during the meeting, he shares his frustrations about sobriety and the program. This demonstrates both a temporal and causal relationship between the two events, as Cyrus's attendance at the meeting leads to his expression of frustration.","Chapter 3 (Events 1, 2)","
- Event 1: Cyrus drives to an AA meeting at the Camp5 Center
- Event 2: Cyrus shares his frustrations about sobriety and the program during the meeting
- Relationship: Temporal and causal
"
Cyrus's expression of frustration during the AA meeting leads to a follow-up discussion with his sponsor Gabe at the Secret Stash coffee shop.,"The outline indicates that Cyrus's sharing of frustrations during the meeting causes tension in the room. This is followed by Gabe and Cyrus going to the coffee shop to discuss Cyrus's issues further, suggesting a direct causal relationship between Cyrus's behavior at the meeting and the subsequent discussion with Gabe.","Chapter 3 (Events 2, 3)","
- Event 2: Cyrus shares his frustrations during the meeting, leading to tension in the room
- Event 3: After the meeting, Gabe and Cyrus go to Secret Stash coffee shop to discuss Cyrus's issues further
- Relationship: Causal
"
"Gabe's challenge to Cyrus's perspective on identity and spirituality at the Secret Stash coffee shop prompts Cyrus to angrily leave, insulting the AA program.","The outline clearly shows a cause-and-effect relationship between Gabe's challenging of Cyrus's perspectives and Cyrus's angry reaction. Gabe's comments lead directly to Cyrus becoming angry, standing up to leave, and insulting the AA program, demonstrating a strong causal link between these events.","Chapter 3 (Events 4, 5)","
- Event 4: At the coffee shop, Gabe challenges Cyrus's perspective on his identity and spirituality
- Event 5: Cyrus becomes angry with Gabe's comments and stands up to leave, insulting the AA program
- Relationship: Causal
"
"After driving away from the coffee shop and reflecting on his argument with Gabe, Cyrus decides to stop attending AA meetings and cease communication with Gabe.","The outline shows a clear sequence of events where Cyrus first drives away from the coffee shop, reflecting on the argument, and then makes the decision to end his involvement with AA and Gabe. This demonstrates both a temporal and causal relationship between Cyrus's reflection and his subsequent decision.","Chapter 3 (Events 6, 7)","
- Event 6: Cyrus drives away from the coffee shop, reflecting on the argument
- Event 7: Cyrus decides that this will be his last AA meeting and his last time talking to Gabe
- Relationship: Causal and temporal
"
"Cyrus's sleep problems evolve from severe sleep issues as an infant to sleep terrors as a child, causing ongoing distress for both him and his father Ali.","The chapter outline shows a progression of Cyrus's sleep problems over time. It starts with severe sleep issues when he's an infant, which then develop into sleep terrors as he grows older. Both stages of sleep problems are mentioned to cause distress to Cyrus and his father Ali, indicating a continuous struggle with sleep throughout Cyrus's early years.","Chapter 4 (Events 2, 3)","
- Event 2: Cyrus experiences severe sleep issues as an infant
- Event 3: Cyrus develops sleep terrors as a child
- Relationship: Temporal progression of sleep problems
"
The death of Cyrus's mother Roya in the Iran Air Flight 655 incident leaves Ali struggling to cope with her loss while caring for infant Cyrus in Tehran.,"The chapter outline directly links Roya's death in the Iran Air Flight 655 incident to Ali's subsequent struggle. It specifically mentions Ali's difficulty in coping with Roya's death while simultaneously caring for infant Cyrus, highlighting the immediate impact of the tragedy on the family's situation in Tehran.","Chapter 4 (Events 4, 5)","
- Event 4: Cyrus's mother, Roya, dies in the shooting down of Iran Air Flight 655
- Event 5: Ali struggles to cope with Roya's death and care for infant Cyrus in Tehran
- Relationship: Cause and effect
"
"Ali's decision to move to America, prompted by a flyer for farm jobs in Indiana, leads to him and Cyrus flying from Tehran to Detroit to start their new life.","The chapter outline shows a clear sequence of events. Ali's decision to move to America is directly linked to seeing a flyer for farm jobs in Indiana. This decision is then followed by the action of Ali and Cyrus flying from Tehran to Detroit, which is explicitly described as the beginning of their new life in America. This demonstrates the direct connection between Ali's decision and the subsequent major life change for both him and Cyrus.","Chapter 4 (Events 6, 7)","
- Event 6: Ali decides to move to America after seeing a flyer for farm jobs in Indiana
- Event 7: Ali and Cyrus fly from Tehran to Detroit, beginning their new life in America
- Relationship: Decision and action
"
"During her second-ever flight from Bandar Abbas to Dubai, the woman mistakenly attempts to sit in the wrong seat and is redirected by a flight attendant to her correct seat next to an older Arab woman.","This fact combines two related events from the chapter outline. It shows the woman's inexperience with air travel (as it's only her second flight) and the resulting confusion when finding her seat. The temporal relationship is clear, and there's a causal link between her inexperience and the mistake.","Chapter 5 (Events 1, 2)","
- Event 1: The woman boards her second-ever flight, from Bandar Abbas to Dubai.
- Event 2: She mistakenly tries to sit in the wrong seat and is redirected by a flight attendant.
- Relationship: Temporal and causal
"
"While reading the Iran Air flight magazine and reflecting on Iran's history and current situation, the woman experiences a sense of relief and relaxation once the plane is in the air, feeling she is leaving behind the horrors on the ground.","This fact combines the woman's act of reading the magazine and her emotional state during the flight. It shows a contrast between her reflections on Iran's situation and the relief she feels as she physically distances herself from it. The temporal relationship is clear, with both events occurring during the flight.","Chapter 5 (Events 3, 4)","
- Event 3: The woman reads through the Iran Air flight magazine, reflecting on Iran's history and current situation.
- Event 4: Once in the air, the woman experiences a sense of relief and relaxation, leaving behind the horrors on the ground.
- Relationship: Contrast between reflection and relief
"
"As the woman looks out the airplane window, observing the sun, clouds, and ocean below, she notices two tiny floating white objects in the distance and wonders if they are moving closer.","This fact combines two related observations made by the woman during her flight. It shows her attentiveness to her surroundings and her curiosity about the unfamiliar objects she sees. The temporal relationship is clear, with both observations occurring while she looks out the window.","Chapter 5 (Events 5, 6)","
- Event 5: The woman looks out the window, observing the sun, clouds, and ocean below.
- Event 6: She notices two tiny floating white objects in the distance, wondering if they are moving closer.
- Relationship: Visual observation and curiosity
"
"During her second-ever flight from Bandar Abbas to Dubai on a nearly full plane, the woman reflects on the cynicism of those she left behind in Iran while feeling hopeful about her own future for the first time in years.","This fact combines the setting of the flight with the woman's internal reflections. It shows a contrast between her past experiences in Iran and her hopeful outlook for the future as she embarks on this journey. The temporal relationship is clear, with both the flight and her reflections occurring simultaneously.","Chapter 5 (Events 1, 7)","
- Event 1: The woman boards her second-ever flight, from Bandar Abbas to Dubai, finding it nearly full.
- Event 7: The woman reflects on the cynicism of those she left behind in Iran and feels hopeful about her future for the first time in years.
- Relationship: Contrast between past and future
"
Cyrus's childhood sleep terrors evolve into severe insomnia during his adolescence in Indiana.,"The chapter outline shows a clear progression of Cyrus's sleep issues from childhood to adolescence. This fact combines two specific events from the outline, demonstrating the development of Cyrus's sleep problems over time.",Chapter 6 (Events 1 and 2),"
- Event 1: Cyrus experiences sleep terrors as a child
- Event 2: Cyrus develops severe insomnia during adolescence
- Relationship: Temporal progression of sleep issues
"
"Ali, Cyrus's father, works at a chicken farm, drinks gin to help him sleep, and occasionally displays violent behavior towards Cyrus.",This fact combines three specific details about Ali's life and behavior from the same outline item. It provides a comprehensive picture of Ali's situation and its potential impact on Cyrus.,Chapter 6 (Event 2),"
- Event 2: Ali works at a chicken farm
- Event 2: Ali drinks gin to help him sleep
- Event 2: Ali occasionally displays violent behavior towards Cyrus
- Relationship: Interconnected aspects of Ali's life and behavior
"
"Upon leaving for Keady University, Cyrus quickly becomes involved with alcohol and drugs.","This fact combines two aspects of the same outline item, showing a direct connection between Cyrus's transition to college life and his involvement with substances. It highlights a significant change in Cyrus's behavior tied to a specific life event.",Chapter 6 (Event 3),"
- Event 3: Cyrus leaves for Keady University
- Event 3: Cyrus quickly becomes involved with alcohol and drugs
- Relationship: Temporal and causal connection between college and substance use
"
"Ali, Cyrus's father, dies from a sudden stroke at the start of Cyrus's sophomore year in college.","This fact combines two specific details from the same outline item, providing a precise timeline for Ali's death in relation to Cyrus's college experience. It establishes a significant event in Cyrus's life with a clear temporal context.",Chapter 6 (Event 4),"
- Event 4: Ali dies from a sudden stroke
- Event 4: Ali's death occurs at the start of Cyrus's sophomore year
- Relationship: Temporal connection between Ali's death and Cyrus's college timeline
"
"Following his father's death, Cyrus spirals deeper into addiction, using various drugs and alcohol to cope with his grief and emptiness.","This fact combines three aspects of the same outline item, showing the progression and motivation behind Cyrus's substance use. It connects his emotional state to his addictive behavior, providing context for his actions.",Chapter 6 (Event 5),"
- Event 5: Cyrus spirals deeper into addiction
- Event 5: Cyrus uses various drugs and alcohol
- Event 5: Cyrus's substance use is to cope with grief and emptiness
- Relationship: Causal connection between emotional state and substance use
"
"After years of substance abuse, Cyrus achieves sobriety but subsequently struggles with severe insomnia.","This fact combines two aspects of the same outline item, showing the relationship between Cyrus's sobriety and his sleep issues. It highlights a new challenge that emerges as a result of his recovery from addiction.",Chapter 6 (Event 6),"
- Event 6: Cyrus gets sober
- Event 6: Cyrus struggles with severe insomnia after sobriety
- Relationship: Temporal and causal connection between sobriety and insomnia
"
"Roya, who experiences recurring bed-wetting incidents, goes to bed praying to wake up dry, but instead wakes up to find her brother Arash urinating on her in her bed.","This fact combines three related events from the chapter outline. It shows the progression of Roya's bed-wetting problem, her attempt to address it through prayer, and the cruel act by her brother Arash. The temporal relationship between these events and their thematic connection to bed-wetting make this a coherent and specific fact.","Chapter 7 (Events 1, 5, 7)","
- Event 1: Roya experiences recurring bed-wetting incidents
- Event 5: Roya goes to bed, praying to wake up dry
- Event 7: Roya wakes up to find her brother Arash urinating on her in her bed
- Relationship: Temporal and thematic (bed-wetting)
"
"Roya participates in a class discussion about favorite words with Aghaye Ghorbani, but later at dinner, she remains preoccupied with her bed-wetting problem.",This fact contrasts Roya's public engagement in school with her private concerns at home. It demonstrates how her bed-wetting problem affects her thoughts even when she's involved in unrelated activities. The specific mention of the class discussion and the dinner scene provides detailed context for Roya's state of mind.,"Chapter 7 (Events 2, 3)","
- Event 2: Roya participates in a class discussion about favorite words with Aghaye Ghorbani
- Event 3: At dinner, Roya remains preoccupied with her bed-wetting problem
- Relationship: Contrast between public and private concerns
"
"During dinner, Roya's family discusses various topics, and later, her parents Kamran and Parvin have a private conversation about Kamran's job situation and the possibility of him working in Qom.","This fact combines two related events from the chapter outline. It shows the progression from a general family discussion at dinner to a more specific, private conversation between Roya's parents about Kamran's job. The temporal relationship and thematic connection to family discussions make this a coherent and specific fact.","Chapter 7 (Events 3, 4)","
- Event 4: Roya's parents discuss Kamran's job situation and the possibility of him working in Qom
- Event 3: At dinner, Roya's family discusses various topics
- Relationship: Temporal and thematic (family discussions)
"
"After going to bed and praying to wake up dry, Roya has a vivid dream about flowers growing from unusual places.",This fact connects two consecutive events in Roya's night. It shows the transition from Roya's conscious thoughts and prayers about her bed-wetting problem to her subconscious dream state. The specific details about her prayer and the content of her dream provide a clear picture of Roya's experiences that night.,"Chapter 7 (Events 5, 6)","
- Event 5: Roya goes to bed, praying to wake up dry
- Event 6: Roya has a vivid dream about flowers growing from unusual places
- Relationship: Temporal sequence of events before sleep and during sleep
"
"Arash's behavior towards Roya regarding her bed-wetting problem escalates from causing tension to making cruel comments, and ultimately to urinating on her in her bed.","This fact demonstrates the progression of Arash's cruelty towards Roya throughout the chapter. It starts with the general tension caused by Roya's bed-wetting, moves to verbal cruelty with Arash's comments, and culminates in the physical act of urinating on her. This progression provides a clear picture of the deteriorating relationship between the siblings and the increasing severity of Arash's actions.","Chapter 7 (Events 1, 5, 7)","
- Event 1: Roya experiences recurring bed-wetting incidents, causing embarrassment and tension with her brother Arash
- Event 5: Arash makes a cruel comment about Roya's bed-wetting
- Event 7: Arash urinates on Roya in her bed
- Relationship: Progression of Arash's cruelty towards Roya
"
"Cyrus's new writing project about martyrdom is influenced by his personal thoughts on meaningless deaths and his fascination with martyrdom, which he shares with his friends during an intermission at the Naples Café open mic night.","The chapter outline shows a clear connection between Cyrus's writing project and his personal thoughts on martyrdom. By discussing both his project and his thoughts on meaningless deaths and martyrdom with his friends, we can infer that his personal views are influencing his writing project.","Chapter 8 (Events 1, 3)","
- Event 1: Cyrus discusses his new writing project about martyrdom.
- Event 3: Cyrus shares thoughts on meaningless deaths and his fascination with martyrdom.
- Relationship: Thematic connection between Cyrus's writing project and his personal thoughts.
"
"After Sad James shows information about an art exhibit featuring Orkideh, Cyrus initially dismisses the idea due to financial constraints, but Zee's encouragement leads him to decide to use his mother's ""bounty"" money to fund the trip to New York.","The chapter outline presents a clear sequence of events that lead to Cyrus's decision to visit the exhibit. It starts with Sad James sharing information, followed by Cyrus's initial reluctance, Zee's encouragement, and finally Cyrus's decision to use specific funds to make the trip possible.","Chapter 8 (Events 4, 5, 6, 7)","
- Event 4: Sad James shows information about an art exhibit featuring Orkideh.
- Event 5: Cyrus initially dismisses the idea due to financial constraints.
- Event 6: Zee encourages Cyrus to seize the opportunity.
- Event 7: Cyrus decides to use his mother's ""bounty"" money to fund the trip.
- Relationship: Sequence of events leading to Cyrus's decision to visit the exhibit.
"
"Cyrus, Zee, and Sad James discuss Cyrus's new writing project about martyrdom during an intermission at the Naples Café open mic night, a regular event with its own unique atmosphere and attendees.","The chapter outline provides specific details about the setting of the discussion. It takes place during an intermission at the Naples Café open mic night, and the friends reflect on the regular attendees and atmosphere, indicating that this is a familiar setting for them.","Chapter 8 (Events 1, 2)","
- Event 1: Discussion occurs during an intermission at Naples Café open mic night.
- Event 2: Friends reflect on regular attendees and atmosphere of Naples Café open mic nights.
- Relationship: Setting and context of the discussion.
"
"Cyrus's thoughts on meaningless deaths and martyrdom, which he shares with his friends, are influenced by his family's experiences, including the existence of his mother's ""bounty"" money, which he later decides to use to fund his trip to New York.","The chapter outline shows that Cyrus's thoughts on martyrdom are connected to his family's experiences. The mention of his mother's ""bounty"" money, which he decides to use for the trip, suggests a link between his family history and his current interests and decisions.","Chapter 8 (Events 3, 7)","
- Event 3: Cyrus shares thoughts on meaningless deaths and martyrdom, referencing his family's experiences.
- Event 7: Cyrus decides to use his mother's ""bounty"" money to fund the trip.
- Relationship: Connection between Cyrus's thoughts on martyrdom and his family history.
"
Cyrus accidentally injures his foot with an axe while attempting to chop firewood under the influence of fentanyl at Jude's house.,"The outline directly states that Zee and Cyrus attempt to chop firewood while under the influence of fentanyl, and subsequently, Cyrus injures his foot with the axe. This demonstrates a clear causal relationship between the drug use and the injury, highlighting the dangerous situation they put themselves in.","Chapter 9 (Events 2, 3)","
- Event 2: Zee and Cyrus attempt to chop firewood under the influence of fentanyl.
- Event 3: Cyrus accidentally injures his foot with the axe.
- Relationship: Causal
"
"After embellishing the story of his axe injury at a party, Cyrus is found by Zee the next morning asleep on the couch with his injured foot propped up on the coffee table.","The outline describes Cyrus retelling the story of his injury with embellishments at a party, followed by Zee finding him asleep the next morning with his injured foot propped up. This sequence of events shows a direct temporal relationship between Cyrus's storytelling and his physical state the next day, emphasizing the ongoing impact of his injury.","Chapter 9 (Events 6, 7)","
- Event 6: Cyrus retells the story of his injury with increasing embellishments at a party.
- Event 7: Zee finds Cyrus asleep on the couch with his injured foot propped up.
- Relationship: Temporal and thematic
"
"After Cyrus accidentally injures his foot with an axe, Zee tends to his wound using makeshift first aid supplies provided by Jude in the bathroom.","The outline directly states that Cyrus injures his foot with an axe, leading to a tense situation in Jude's bathroom. It then describes Zee tending to Cyrus's wound using makeshift first aid supplies provided by Jude. This sequence of events shows a clear causal relationship between the injury and the subsequent first aid, as well as providing specific details about the location and materials used.","Chapter 9 (Events 3, 4)","
- Event 3: Cyrus accidentally injures his foot with the axe.
- Event 4: Zee tends to Cyrus's wound using makeshift first aid supplies.
- Relationship: Causal and descriptive
"
"During their meeting at the Brooklyn Museum, artist Orkideh questions Cyrus about his background and motivations, exploring his Iranian heritage and fascination with death.","This fact combines two closely related events from the chapter outline. It shows the progression of their interaction, from Cyrus meeting Orkideh to her questioning him about specific topics. The fact is objective and specific, detailing the location and content of their conversation without interpretation.","Chapter 10 (Events 1, 2)","
- Event 1: Cyrus meets with artist Orkideh at the Brooklyn Museum
- Event 2: Orkideh questions Cyrus about his background and motivations
- Relationship: Temporal and causal
"
"When German tourists enter the exhibit, Orkideh ends her conversation with Cyrus and asks him to return the next day.",This fact combines three closely related events that occur in sequence. It objectively describes the cause (German tourists entering) and the effects (Orkideh ending the conversation and requesting Cyrus's return) without adding any subjective interpretation. The fact is specific to the events described in the chapter outline.,Chapter 10 (Event 5),"
- Event 5: German tourists enter the exhibit
- Event 5: Orkideh ends her conversation with Cyrus
- Event 5: Orkideh asks Cyrus to return the next day
- Relationship: Temporal sequence
"
"After leaving the museum feeling confused and overwhelmed, Cyrus buys a Coke outside and reflects on his ideas about martyrdom and dying.","This fact combines two sequential events from the chapter outline, showing Cyrus's actions and mental state immediately after his encounter with Orkideh. It objectively describes his emotional state and subsequent actions without adding interpretation. The fact is specific and grounded in the events described in the chapter outline.","Chapter 10 (Events 6, 7)","
- Event 6: Cyrus leaves the museum feeling confused and overwhelmed
- Event 7: Cyrus buys a Coke and reflects on his ideas about martyrdom and dying
- Relationship: Temporal sequence and thematic connection
"
"Ali Shams, who works at a breeder chicken farm in Fort Wayne, maintains a Friday night movie tradition with his young son Cyrus.","This fact combines Ali's work life at the chicken farm with his home life, specifically the movie tradition he shares with Cyrus. It demonstrates the contrast between Ali's professional responsibilities and his efforts to maintain a meaningful relationship with his son.",Chapter 11 (Items 1 and 2),"
- Event 1: Ali Shams works at a breeder chicken farm in Fort Wayne
- Event 2: Ali recounts his home life with young Cyrus, including their Friday night movie traditions
- Relationship: Temporal, contrasting work and home life
"
"Ali Shams, who follows strict biosecurity measures at his job on a breeder chicken farm, struggles with alcohol abuse in his personal life.","This fact contrasts Ali's professional life, where he adheres to strict biosecurity protocols, with his personal life, where he struggles with alcohol abuse. It demonstrates the dichotomy between Ali's responsible behavior at work and his personal challenges.",Chapter 11 (Items 1 and 3),"
- Event 1: Ali Shams describes his work at a breeder chicken farm, detailing the biosecurity measures
- Event 3: Ali reflects on his struggles with alcohol
- Relationship: Contrast between professional responsibility and personal struggles
"
"After leaving the Brooklyn Museum following his meeting with Orkideh, Cyrus contemplates the concept of gratitude and its relation to martyrdom while walking through Prospect Park.","This fact connects Cyrus's visit to the museum with his subsequent thoughts on gratitude and martyrdom. It suggests that his meeting with Orkideh may have influenced his contemplation of these concepts, highlighting the impact of their interaction on Cyrus's thought process.",Chapter 11 (Items 5 and 6),"
- Event 5: Cyrus leaves the Brooklyn Museum after meeting Orkideh
- Event 6: Cyrus contemplates the concept of gratitude and its relation to martyrdom
- Relationship: Temporal, potential influence of museum visit on Cyrus's thoughts
"
"After contemplating gratitude and martyrdom in Prospect Park, Cyrus decides to return to the subway station barefoot, inspired by Orkideh's bare feet at the museum.","This fact connects Cyrus's contemplation in the park with his subsequent decision to walk barefoot. It demonstrates how his meeting with Orkideh and his reflections on gratitude and martyrdom influenced his behavior, leading to this unconventional action.",Chapter 11 (Items 6 and 7),"
- Event 6: Cyrus contemplates gratitude and martyrdom in Prospect Park
- Event 7: Cyrus decides to return to the subway station barefoot, inspired by Orkideh
- Relationship: Temporal, influence of Cyrus's thoughts on his actions
"
"Arash, after enlisting in the Iranian military, participates in a daily routine at a training camp near the Alborz mountains that includes morning prayers and physical training.","The outline indicates that Arash enlists in the Iranian military and reflects on martyrdom at a training camp. Later, it describes the daily routine at the military training camp, which includes morning prayers and physical training. These events are directly related, showing Arash's experience in the military camp.","Chapter 12 (Events 1, 5)","
- Event 1: Arash enlists in the Iranian military and reflects on martyrdom at a training camp.
- Event 5: The narrative describes the daily routine at the military training camp.
- Relationship: Temporal and contextual
"
"Arash recalls a childhood incident where his sister Roya ran into a frozen pond during a race down a hill, was rescued, and then he helped her sneak back into their house without their mother noticing.","The outline presents a continuous memory of Arash about a childhood incident involving his sister Roya. It starts with them racing down a hill, continues with Roya running into a frozen pond and being rescued, and concludes with Arash helping Roya sneak back into their house. These events form a coherent narrative of a single childhood memory.","Chapter 12 (Events 2, 4, 7)","
- Event 2: Arash recalls a childhood memory of racing down a hill with his sister Roya.
- Event 4: Arash continues his memory of Roya running into the frozen pond and her rescue.
- Event 7: Arash recalls helping Roya sneak back into their house after the pond incident.
- Relationship: Temporal and thematic (childhood memory)
"
"Arash, while enlisted in the Iranian military and reflecting on martyrdom, notices his inability to cry, contrasting with other men in his platoon.","The outline shows Arash enlisting in the military and reflecting on martyrdom. Later, it mentions Arash reflecting on his emotional state, specifically his inability to cry, which contrasts with other men in his platoon. These events are thematically linked, showing Arash's emotional experience in the military context.","Chapter 12 (Events 1, 6)","
- Event 1: Arash enlists in the Iranian military and reflects on martyrdom.
- Event 6: Arash reflects on his emotional state and inability to cry.
- Relationship: Thematic (Arash's emotional state in the military)
"
"During the daily routine at the Iranian military training camp, which includes morning prayers and physical training, a soldier identified as number 137 shares a story about a man named Alireza who served two military services due to a name mix-up.","The outline mentions a fellow soldier (number 137) telling a story about Alireza's double military service. It also describes the daily routine at the military camp. Combining these events provides a snapshot of life at the camp, including both structured activities and informal interactions among soldiers.","Chapter 12 (Events 3, 5)","
- Event 3: A fellow soldier tells a story about Alireza serving two military services.
- Event 5: The narrative describes the daily routine at the military training camp.
- Relationship: Contextual (military life)
"
"Cyrus and his new girlfriend Kathleen, a wealthy Republican business grad student, visit the Green Nile hookah bar together.","The outline shows a clear progression of events where Cyrus begins dating Kathleen, and then they visit the Green Nile hookah bar together. This fact combines two specific events from the chapter, demonstrating a temporal and causal relationship between Cyrus's new relationship and their shared activity.","Chapter 13 (Events 2, 3)","
- Event 2: Cyrus begins dating Kathleen, a wealthy Republican business grad student.
- Event 3: Cyrus and Kathleen visit the Green Nile hookah bar.
- Relationship: Temporal and causal
"
"After smoking a ""special"" hookah prepared by Zee with Kathleen at the Green Nile, Cyrus returns to the bar alone.",This fact combines two specific events from the chapter outline. It shows a clear sequence of events,"Chapter 13 (Events 3, 4)","
- Event 3: Cyrus and Kathleen smoke a ""special"" hookah prepared by Zee at the Green Nile.
- Event 4: Cyrus returns to the Green Nile alone after taking Kathleen home.
- Relationship: Temporal and causal
"
"Following a conversation about Cyrus's interests and identity at the Green Nile hookah bar, Zee invites Cyrus to his apartment to listen to music and drink rum.",This fact combines two consecutive events from the chapter outline. It shows a causal relationship between the conversation Cyrus has with Zee and the subsequent invitation to Zee's apartment. The specific activities mentioned (listening to music and drinking rum) are directly from the outline.,"Chapter 13 (Events 4, 5)","
- Event 4: Cyrus has a conversation with Zee about his interests and identity at the Green Nile.
- Event 5: Zee invites Cyrus to his apartment to listen to music and drink rum.
- Relationship: Causal
"
"At Zee's apartment, Cyrus and Zee listen to Erykah Badu's ""Mama's Gun"" album while sharing a bottle of Captain Morgan rum.","This fact combines two related events from the chapter outline. It shows the fulfillment of Zee's invitation with specific details about the music they listen to (Erykah Badu's ""Mama's Gun"" album) and the type of rum they drink (Captain Morgan). This demonstrates a clear relationship between the invitation and the actual events that occur at Zee's apartment.","Chapter 13 (Events 5, 6)","
- Event 5: Zee invites Cyrus to his apartment to listen to music and drink rum.
- Event 6: At Zee's apartment, they listen to Erykah Badu's ""Mama's Gun"" album and share a bottle of Captain Morgan rum.
- Relationship: Elaboration and specificity
"
"After listening to Erykah Badu's ""Mama's Gun"" album and sharing Captain Morgan rum with Zee, Cyrus falls asleep on Zee's couch and wakes up the next morning with their shoulders touching.",This fact combines two consecutive events from the chapter outline. It demonstrates a clear temporal and potentially causal relationship between the activities Cyrus and Zee engage in (listening to music and drinking rum) and the outcome of Cyrus falling asleep on Zee's couch. The specific detail about waking up with their shoulders touching adds to the factual nature of the statement.,"Chapter 13 (Events 6, 7)","
- Event 6: Cyrus and Zee listen to Erykah Badu's ""Mama's Gun"" album and share a bottle of Captain Morgan rum.
- Event 7: Cyrus falls asleep on Zee's couch and wakes up the next morning with their shoulders touching.
- Relationship: Temporal and causal
"
"Gilgamesh unexpectedly leaves his new wife Leila at Roya's house during his annual trip to Rasht with Ali, disrupting Roya's plans for solitude while pregnant with Cyrus.","The outline items 2 and 3 are closely related, showing a sequence of events. Roya, who is pregnant with Cyrus, prepares for her husband Ali's trip with Gilgamesh. However, Gilgamesh unexpectedly leaves his wife Leila at Roya's house, which disrupts Roya's plans. This fact combines these two events to show how Gilgamesh's action affects Roya's situation.","Chapter 14 (Events 2, 3)","
- Event 2: Roya, pregnant with Cyrus, prepares for her husband Ali's annual trip to Rasht with his friend Gilgamesh
- Event 3: Gilgamesh unexpectedly leaves his new wife Leila at Roya's house during the men's trip
- Relationship: Temporal and causal
"
"During Leila's unexpected stay at Roya's house, they have dinner together where Leila shares personal details about Gilgamesh, then suggests a walk despite Roya's reluctance, leading to Roya deliberately taking her time cleaning up and annoying the impatient Leila.","This fact combines three closely related events from the chapter outline (items 4, 5, and 6) that occur during Leila's visit to Roya's house. It shows the progression of their interaction from dinner conversation to Leila's suggestion and Roya's reluctant response, highlighting the tension between the two women.","Chapter 14 (Events 4, 5, 6)","
- Event 4: Roya and Leila have dinner together, where Leila shares personal details about her husband Gilgamesh
- Event 5: Leila suggests going for a walk to show Roya something, despite Roya's reluctance
- Event 6: Roya takes her time cleaning up after dinner, annoying the impatient Leila
- Relationship: Temporal sequence of events during Leila's visit
"
"Roya feels resentful of the unexpected intrusion on her planned alone time as she and Leila prepare to leave for the lake, a consequence of Gilgamesh unexpectedly leaving his new wife at Roya's house during the men's trip.",This fact combines two related events from the chapter outline (items 3 and 7). It shows the direct consequence of Gilgamesh's action (leaving Leila at Roya's house) on Roya's emotional state and plans. The fact demonstrates how the unexpected visit disrupts Roya's intended solitude and leads to her resentment as they prepare for an outing she didn't plan for.,"Chapter 14 (Events 3, 7)","
- Event 3: Gilgamesh unexpectedly leaves his new wife Leila at Roya's house during the men's trip
- Event 7: Roya and Leila prepare to leave for the lake, with Roya feeling resentful of the unexpected intrusion on her planned alone time
- Relationship: Cause and effect
"
"After waiting in a long line at the Brooklyn Museum's Death-Speak gallery, Cyrus sits down with Orkideh and discusses his project on martyrdom while expressing admiration for her work.","This fact combines two specific events from the chapter outline in a temporal sequence. It shows Cyrus's journey from waiting in line to finally meeting Orkideh, and highlights the thematic connection between Orkideh's work and Cyrus's project on martyrdom.",Chapter 15 (Events 2 and 4),"
- Event 2: Cyrus arrives at the Brooklyn Museum, finding a long line of people waiting to speak with Orkideh in the Death-Speak gallery.
- Event 4: Cyrus finally sits down with Orkideh, expressing his admiration for her work and discussing his own project on martyrdom.
- Relationship: Temporal sequence and thematic connection (Orkideh's work and Cyrus's project)
"
"Orkideh discusses Persian mirror art and the similarities between New York and Tehran with Cyrus, leading to a deeper conversation about identity, art, and the meaning of life and death.","This fact combines two related events from the chapter outline, showing a progression from Orkideh's specific discussion of Persian mirror art and city comparisons to a broader conversation about identity and existential themes. The connection between these topics demonstrates the depth of their interaction.",Chapter 15 (Events 5 and 6),"
- Event 5: Orkideh shares her thoughts on the similarities between New York and Tehran, and tells Cyrus about Persian mirror art.
- Event 6: Cyrus and Orkideh engage in a deep conversation about identity, art, and the meaning of life and death.
- Relationship: Thematic connection (art and identity)
"
"Cyrus, who shares a hotel room and intimate relationship with Zee in Brooklyn, later exchanges text messages with Zee while waiting in line at the museum, and also briefly communicates with his sponsor Gabe.","This fact combines two events that involve Cyrus's interactions with Zee and Gabe, highlighting the different types of relationships and communication methods Cyrus maintains while in Brooklyn for his museum visit.",Chapter 15 (Events 1 and 3),"
- Event 1: Cyrus wakes up in a Brooklyn hotel room with his roommate Zee, reflecting on their unique relationship and shared intimacy.
- Event 3: While waiting in line, Cyrus exchanges text messages with Zee and briefly communicates with his sponsor Gabe.
- Relationship: Character interaction and communication methods
"
"After discussing his project on martyrdom and expressing admiration for Orkideh's work, Cyrus is asked by Orkideh to return the next day and leaves the museum feeling moved by their conversation.","This fact combines the content of Cyrus's conversation with Orkideh and its emotional impact on him, as well as the invitation to return, showing the significance of their interaction and its potential for future development.",Chapter 15 (Events 4 and 7),"
- Event 4: Cyrus finally sits down with Orkideh, expressing his admiration for her work and discussing his own project on martyrdom.
- Event 7: Orkideh asks Cyrus to return the next day, and he leaves the museum feeling moved by their conversation.
- Relationship: Temporal sequence and emotional impact
"
Cyrus's dream setting transforms from an empty parking lot surrounded by trees to a snowy scene with goldfinches.,"The chapter outline describes the initial dream setting as an empty parking lot surrounded by trees. Later in the dream, the environment changes with the appearance of goldfinches and snow falling, indicating a transformation of the dream setting.","Chapter 16 (Events 1, 6)","
- Event 1: Cyrus dreams of an empty parking lot surrounded by trees.
- Event 6: The dream environment changes, with goldfinches appearing and snow beginning to fall.
- Relationship: Transformation of dream setting
"
"In Cyrus's dream, Kareem Abdul-Jabbar and Beethoven Shams engage in a conversation about Kareem's burned record collection and Beethoven's status as an imaginary character.","The chapter outline describes Kareem Abdul-Jabbar and Beethoven Shams appearing in the dream and engaging in conversation. They discuss specific topics, including the fire that destroyed Kareem's record collection and Beethoven's existence as an imaginary character, demonstrating the surreal nature of the dream interaction.","Chapter 16 (Events 2, 3, 5)","
- Event 2: Kareem Abdul-Jabbar and Beethoven Shams appear in the parking lot.
- Event 3: Kareem and Beethoven discuss the fire that destroyed Kareem's record collection.
- Event 5: Kareem and Beethoven exchange jokes and discuss Beethoven's existence as an imaginary character.
- Relationship: Interaction between dream characters
"
"In Cyrus's dream, Beethoven Shams undergoes a physical transformation while discussing his status as an imaginary character with Kareem Abdul-Jabbar.","The chapter outline states that Beethoven's appearance changes during the conversation, and they discuss Beethoven's existence as an imaginary character. This connection suggests a link between Beethoven's physical transformation and the acknowledgment of his imaginary nature within the dream.","Chapter 16 (Events 4, 5)","
- Event 4: Beethoven begins to physically transform, his appearance changing as the conversation progresses.
- Event 5: Kareem and Beethoven discuss the nature of Beethoven's existence as an imaginary character.
- Relationship: Connection between Beethoven's physical transformation and his imaginary nature
"
"Arash, as one of the special soldiers who dress as ""angels"" to ride among dying soldiers on the battlefield, uses equipment including a black robe, a mounted flashlight, and a special sword resembling Zulfiqar.","This fact combines multiple specific details from the chapter outline. It connects Arash's role as an ""angel"" rider with the specific equipment he uses for this purpose. The fact is objective and grounded in the information provided in the chapter outline.","Chapter 17 (Items 1, 3)","
- Event 1: Arash describes his role as an ""angel"" rider
- Event 2: Arash recalls Arman explaining the purpose of angel riders
- Event 3: Arash details the equipment used for his role
- Relationship: These events are all related to Arash's role as an ""angel"" rider
"
"Arash, in his role as an ""angel"" rider, witnesses the suffering of dying soldiers and hears their pleas for water and help, including a specific encounter where a dying soldier recites Ayat al Kursi upon seeing him.","This fact combines multiple elements from the chapter outline to provide a comprehensive picture of Arash's experience as an ""angel"" rider. It includes the general description of his interactions with dying soldiers and a specific example, making it detailed and grounded in the provided information.","Chapter 17 (Items 2, 5, 6)","
- Event 2: Arash recalls Arman explaining the purpose of angel riders
- Event 5: Arash describes riding among dying soldiers
- Event 6: Arash recounts a specific encounter with a dying soldier
- Relationship: These events describe the purpose and experience of being an ""angel"" rider
"
"Arash experiences conflicted feelings about his role as an ""angel"" rider, reflecting on the impact of his presence on dying soldiers, which includes a mixture of suffering and perceived comfort.",This fact combines Arash's internal conflict about his role with his observations of its impact on dying soldiers. It provides insight into the emotional complexity of Arash's experience without including subjective interpretations.,"Chapter 17 (Items 4, 7)","
- Event 2: Arash recalls Arman explaining the purpose of angel riders
- Event 4: Arash reflects on his conflicted feelings about his role
- Event 7: Arash reflects on the impact of his presence on the dying soldier
- Relationship: These events relate to Arash's internal conflict and the impact of his role
"
"Despite Arman's explanation of the religious purpose of the ""angel"" riders, Arash performs his duties with limited religious conviction.","This fact highlights the contrast between the intended religious nature of the ""angel"" rider role and Arash's personal lack of strong religious belief while performing these duties. It combines two specific elements from the chapter outline to create a meaningful connection.","Chapter 17 (Items 2, 4)","
- Event 2: Arash recalls Arman explaining the purpose of angel riders
- Event 4: Arash reflects on his limited religious conviction while performing his duties
- Relationship: These events highlight the contrast between the religious nature of the role and Arash's personal beliefs
"
"Cyrus arrives early at the Brooklyn Museum with coffee for Orkideh, leading to a discussion about grief, art, and Cyrus's personal experiences with loss in the Death-Speak gallery.","The chapter outline shows a clear sequence of events where Cyrus's early arrival with coffee for Orkideh is followed by their conversation about grief, art, and Cyrus's personal experiences. This demonstrates a temporal and thematic connection between Cyrus's arrival and the subsequent discussion, highlighting the purpose of their meeting in the Death-Speak gallery.","Chapter 18 (Events 1, 2)","
- Event 1: Cyrus arrives early at the Brooklyn Museum with coffee for Orkideh.
- Event 2: Cyrus and Orkideh discuss grief, art, and Cyrus's personal experiences with loss.
- Relationship: Temporal and thematic connection
"
"During their conversation in the Death-Speak gallery, Orkideh shares her perspective on life, death, and the purpose of her art installation in response to Cyrus's discussion about his personal experiences with loss.","The chapter outline shows a progression in the conversation between Cyrus and Orkideh. After discussing Cyrus's personal experiences with loss, Orkideh shares her own perspective on life, death, and her art installation. This demonstrates a thematic connection and a natural continuation of their conversation, with Orkideh's insights potentially offering a broader context for Cyrus's personal experiences.","Chapter 18 (Events 2, 3)","
- Event 2: Cyrus and Orkideh discuss grief, art, and Cyrus's personal experiences with loss.
- Event 3: Orkideh shares her perspective on life, death, and the purpose of her art installation.
- Relationship: Thematic connection and continuation of conversation
"
"After concluding his conversation with Orkideh and promising to return the next day, Cyrus leaves the museum and realizes he never mentioned Flight 655 to Orkideh during their discussion.","The chapter outline presents a clear sequence of events where Cyrus concludes his conversation with Orkideh, leaves the museum, and then reflects on their discussion. His realization about not mentioning Flight 655 demonstrates a cognitive connection to their earlier conversation and suggests the significance of this topic to Cyrus.","Chapter 18 (Events 4, 5)","
- Event 4: Cyrus and Orkideh conclude their conversation, with Cyrus promising to return the next day.
- Event 5: Cyrus leaves the museum, reflecting on their conversation and realizing he never mentioned Flight 655 to Orkideh.
- Relationship: Temporal and cognitive connection
"
"The chapter includes an interlude that narrates the story of Ferdowsi, a young Persian poet, concluding with his death and the construction of ""The Poet's Bridge"" in his honor.","The chapter outline explicitly mentions an interlude about Ferdowsi, a young Persian poet. The narrative of this interlude spans from Ferdowsi's life to his death and the subsequent construction of ""The Poet's Bridge"" in his honor. This demonstrates a complete biographical narrative within the interlude, providing historical or cultural context to the main story.","Chapter 18 (Events 6, 7)","
- Event 6: The chapter transitions to an interlude narrating the story of Ferdowsi, a young Persian poet.
- Event 7: The interlude concludes with Ferdowsi's death and the construction of ""The Poet's Bridge"" in his honor.
- Relationship: Biographical narrative
"
Roya and Leila's taxi ride through Tehran ends at a campground parking lot near a lake in the city.,"The outline shows a clear sequence of events where Roya and Leila first take a taxi ride through Tehran and then are dropped off at a specific location. This fact combines these two events to provide a complete picture of their journey, highlighting both the mode of transportation and their destination.","Chapter 19 (Events 1, 3)","
- Event 1: Roya and Leila take a taxi ride through Tehran
- Event 3: The taxi drops Roya and Leila off at a campground parking lot near a lake in Tehran
- Relationship: Temporal and spatial
"
"Leila pretends to be male on two separate occasions during her outing with Roya, first to passersby while walking and later to a security guard, claiming to be a soldier.","The outline shows Leila engaging in consistent behavior of pretending to be male, but in different contexts and with different levels of specificity. This fact combines these two instances to show a pattern in Leila's behavior during their outing.","Chapter 19 (Events 4, 6)","
- Event 4: Leila pretends to be a man to passersby while walking with Roya
- Event 6: Leila pretends to be a male soldier when confronted by a security guard
- Relationship: Consistent behavior
"
"Leila's persuasion of Roya to climb a wall reveals a hidden view of giraffes in a zoo enclosure, which leads to their confrontation with a security guard.",The outline presents a clear sequence of events where Leila's action (convincing Roya to climb the wall) leads to a discovery (the view of giraffes) and a consequence (confrontation with a security guard). This fact combines these elements to show the cause-and-effect relationship between their actions and the resulting situation.,"Chapter 19 (Events 5, 6)","
- Event 5: Leila convinces Roya to climb a wall
- Event 5: The wall reveals a hidden view of giraffes in a zoo enclosure
- Event 6: A security guard confronts Roya and Leila on the wall
- Relationship: Cause and effect
"
Leila's personal question to Roya about crying naked initiates a conversation between them about vulnerability and intimacy.,"The outline indicates that Leila's specific question about crying naked leads to a broader discussion on vulnerability and intimacy. This fact captures the progression of their conversation from a personal query to more abstract topics, showing how their dialogue develops.",Chapter 19 (Event 2),"
- Event 2: Leila asks Roya about crying naked
- Event 2: This leads to a conversation about vulnerability and intimacy
- Relationship: Topic progression
"
Roya and Leila's journey progresses from observing Tehran's changing urban landscape during a taxi ride to walking along a lake path near a campground in the city.,"The outline presents a clear progression of settings, from the urban landscape viewed from a taxi to a more natural setting of a lake and campground. This fact combines these elements to show how their environment changes throughout their outing, moving from an urban to a more natural setting within Tehran.","Chapter 19 (Events 1, 3, 4)","
- Event 1: Roya and Leila observe the city's changing landscape during their taxi ride
- Event 3: They are dropped off at a campground parking lot near a lake in Tehran
- Event 4: They walk along the lake path
- Relationship: Progression of settings
"
"Cyrus recounts his conversation with Orkideh to Zee, expressing confusion about how Orkideh knew about the plane crash that killed his mother.","This fact combines two closely related events from the chapter outline. Cyrus's act of recounting the conversation to Zee is directly followed by his expression of confusion about Orkideh's knowledge. This demonstrates a clear temporal and causal relationship between the two events, as Cyrus's confusion stems from the content of the conversation he's recounting.","Chapter 20 (Events 3, 4)","
- Event 3: Cyrus recounts his conversation with Orkideh to Zee
- Event 4: Cyrus expresses confusion about Orkideh's knowledge of the plane crash
- Relationship: Temporal and causal
"
"While researching Orkideh's background online, Cyrus discovers her Wikipedia page, visits her gallery website, and finds a painting titled ""Dudusch"" that depicts a scene reminiscent of his uncle Arash's experiences during the Iran-Iraq War.","This fact combines three closely related events from the chapter outline. Cyrus's online research leads him to discover Orkideh's Wikipedia page and gallery website, which in turn leads him to find the painting ""Dudusch"". The fact demonstrates a clear temporal and causal relationship between these events, as each discovery leads to the next.","Chapter 20 (Events 6, 7)","
- Event 6: Cyrus discovers Orkideh's Wikipedia page and visits her gallery website
- Event 7: Cyrus finds a painting by Orkideh titled ""Dudusch""
- Relationship: Temporal and causal
"
"Cyrus arrives at Daylight café in Brooklyn to meet Zee, who later arrives and shows Cyrus the vinyl records he purchased during his morning shopping.","This fact connects two events from the chapter outline that occur at different times but in the same location. It shows a clear temporal relationship between Cyrus's arrival at the café and Zee's subsequent arrival with his purchases, providing a sequence of events at the meeting location.","Chapter 20 (Events 1, 3)","
- Event 1: Cyrus arrives at Daylight café in Brooklyn to meet Zee
- Event 3: Zee arrives at the café, showing Cyrus vinyl records
- Relationship: Temporal
"
"While at Daylight café in Brooklyn, Cyrus reflects on his conversation with Orkideh and exchanges texts with his sponsor Gabe.","This fact combines two activities that Cyrus engages in simultaneously at the café. It demonstrates a temporal relationship between Cyrus's internal reflection and his external communication, both occurring as he waits for Zee at the café.",Chapter 20 (Event 1),"
- Event 1: Cyrus reflects on his conversation with Orkideh
- Event 1: Cyrus exchanges texts with his sponsor Gabe
- Relationship: Temporal
"
Cyrus and Zee's relationship in their Brooklyn hotel room shifts from an intimate moment after Cyrus's shower to an escalating argument upon their return from smoking outside.,"The chapter outline shows a clear change in Cyrus and Zee's interactions within the same setting. Initially, they share an intimate moment in bed after Cyrus's shower. Later, after returning from smoking outside, their interaction turns into an escalating argument. This contrast highlights the volatility of their relationship within a short timeframe.","Chapter 21 (Events 2, 5)","
- Event 2: Cyrus takes a shower and joins Zee in bed for an intimate moment.
- Event 5: Cyrus and Zee return to their hotel room, where their argument escalates.
- Relationship: Contrast in mood and interaction
"
"The escalating argument between Cyrus and Zee in their Brooklyn hotel room culminates in Cyrus making a hurtful comment about Zee's life choices, leading Zee to gather his belongings and leave the room after expressing his frustration with Cyrus's lack of understanding.","The chapter outline presents a clear sequence of events showing the deterioration of Cyrus and Zee's interaction. The argument that began earlier escalates upon their return to the hotel room. It reaches a critical point when Cyrus makes a hurtful comment about Zee's life choices. This comment triggers Zee's decision to gather his belongings and ultimately leave the room, but not before expressing his frustration with Cyrus's lack of empathy. This sequence demonstrates how their conflict reaches a breaking point, resulting in Zee's departure.","Chapter 21 (Events 5, 6, 7)","
- Event 5: Cyrus and Zee return to their hotel room, where their argument escalates.
- Event 6: Cyrus makes a hurtful comment about Zee's life choices, causing Zee to gather his belongings.
- Event 7: Zee leaves the hotel room after expressing his frustration with Cyrus's lack of understanding about his feelings.
- Relationship: Escalation and consequence
"
Cyrus and Zee's conversations in their Brooklyn hotel room shift from discussing the changing nature of acceptable comedy while watching TV to planning Cyrus's next meeting with Orkideh during a cigarette break outside.,"The chapter outline shows a clear change in the topics of conversation between Cyrus and Zee. Initially, they engage in a more casual discussion about comedy while watching TV in their hotel room. Later, during a cigarette break outside, their conversation becomes more focused on Cyrus's personal plans, specifically his upcoming meeting with Orkideh. This shift in conversation topics highlights the range of their interactions and the transition from casual entertainment to more personal matters.","Chapter 21 (Events 1, 3)","
- Event 1: Cyrus and Zee order pizza and watch TV in their Brooklyn hotel room, discussing the changing nature of acceptable comedy.
- Event 3: Cyrus and Zee go outside the hotel for a cigarette, where they discuss Cyrus's plans for his next meeting with Orkideh.
- Relationship: Contrast in conversation topics
"
"After unsuccessfully attempting to call Zee from his Brooklyn hotel room, Cyrus listens to a recording of Allegri's Miserere in the same location.","The chapter outline shows a clear sequence of events occurring in Cyrus's hotel room in Brooklyn. First, Cyrus tries to call Zee but doesn't get an answer. Later, after a series of other events, he listens to Allegri's Miserere. This fact connects two specific actions that Cyrus performs in the same location, highlighting his activities during his stay in Brooklyn.",Chapter 22 (Events 1 and 7),"
- Event 1: Cyrus attempts to call Zee from his hotel room in Brooklyn but receives no answer.
- Event 7: After ending the call, Cyrus listens to a recording of Allegri's Miserere in his hotel room.
- Relationship: Temporal sequence and location
"
"During a WhatsApp call with his uncle Arash in Iran, Cyrus mentions seeing a painting called ""Dudusch"" (Brother), which creates tension in their conversation.","The chapter outline describes Cyrus calling his uncle Arash and discussing various topics, including a painting. Later in the conversation, Cyrus specifically mentions the painting ""Dudusch,"" which leads to a tense moment. This fact combines these two related events, providing insight into the content and emotional tone of their conversation.",Chapter 22 (Events 3 and 5),"
- Event 3: Cyrus calls his uncle Arash in Iran using WhatsApp, discussing various topics including a French phrase and a painting.
- Event 5: Cyrus reveals that the painting he saw was called ""Dudusch"" (Brother), leading to a tense moment in the conversation.
- Relationship: Specific content of the conversation
"
"Arash tells Cyrus a story about his old Paykan car with an Allegri's Miserere tape stuck in its player, which he later destroyed, claiming to hear the devil's giggling afterward.","The chapter outline presents two related pieces of information shared by Arash during his conversation with Cyrus. First, Arash mentions his old Paykan car and the stuck Miserere tape. Later, he continues the story by describing how he destroyed the tape and heard what he believed to be the devil's giggling. This fact combines these two elements of Arash's narrative, providing a coherent account of his story.",Chapter 22 (Events 4 and 6),"
- Event 4: Arash shares a story about his old Paykan car and the Allegri's Miserere tape stuck in its player.
- Event 6: Arash tells Cyrus about destroying the Miserere tape and hearing the devil's giggling.
- Relationship: Continuation of the same story
"
Orkideh and President Invective's mall conversation about tea and Farsi words leads them to an art store featuring famous paintings like the Mona Lisa and Bruegel's Landscape with the Fall of Icarus.,The outline shows a clear progression of events in Cyrus's dream. Orkideh and President Invective's conversation while walking through the mall directly precedes their arrival at the art store. This temporal and spatial relationship connects their discussion to their encounter with the famous paintings.,"Chapter 23 (Events 2, 3)","
- Event 2: Orkideh and President Invective discuss tea and Farsi words while passing various stores in the mall.
- Event 3: The pair stops at an art store featuring famous paintings, including the Mona Lisa and Bruegel's Landscape with the Fall of Icarus.
- Relationship: Temporal and spatial
"
"Upon encountering Bruegel's Landscape with the Fall of Icarus in the art store, Orkideh explains its significance to President Invective, who remains disinterested and focuses on the Mona Lisa instead.",The outline shows a direct causal relationship between the presence of the paintings in the art store and Orkideh's explanation of Bruegel's work. President Invective's contrasting reaction to focus on the Mona Lisa instead demonstrates the differing interests of the two characters when presented with the same artworks.,"Chapter 23 (Events 3, 4)","
- Event 3: The pair stops at an art store featuring famous paintings, including the Mona Lisa and Bruegel's Landscape with the Fall of Icarus.
- Event 4: Orkideh explains the significance of Bruegel's painting to President Invective, who shows disinterest and focuses on purchasing the Mona Lisa.
- Relationship: Causal
"
"When Orkideh decides to purchase Bruegel's painting, she learns from the cashier that payment is made in finger segments and allows part of her finger to be cut off as payment.",The outline presents a clear sequence of events where Orkideh's decision to purchase Bruegel's painting leads directly to the revelation about the unusual payment method. Orkideh's willingness to have part of her finger cut off as payment demonstrates the surreal nature of the dream and her commitment to acquiring the artwork.,"Chapter 23 (Events 5, 6)","
- Event 5: President Invective attempts to buy the Mona Lisa, while Orkideh decides to purchase Bruegel's painting.
- Event 6: The cashier reveals that the price for artworks is paid in finger segments, and Orkideh allows the cashier to cut off part of her finger as payment.
- Relationship: Causal and temporal
"
"President Invective, upon witnessing Orkideh's finger being cut off as payment for Bruegel's painting, flees the store in horror while Orkideh departs with her new acquisition.","The outline shows a direct causal relationship between the gruesome payment method and President Invective's reaction. His horror at seeing Orkideh's finger being cut off leads to his immediate flight from the store, contrasting with Orkideh's calm acceptance of the transaction as she leaves with her painting.","Chapter 23 (Events 6, 7)","
- Event 6: The cashier reveals that the price for artworks is paid in finger segments, and Orkideh allows the cashier to cut off part of her finger as payment.
- Event 7: President Invective, horrified by the transaction, flees the store while Orkideh leaves with her newly acquired painting.
- Relationship: Causal
"
Leila pulls Roya into a secluded alley off the main bazaar strip and surprises her with a kiss.,"The chapter outline describes a sequence of events where Leila first pulls Roya into a secluded alley, and then kisses her, surprising both of them. This demonstrates a clear temporal and causal relationship between these two specific actions.","Chapter 24 (Events 2, 5)","
- Event 2: Leila pulls Roya into a secluded alley off the main bazaar strip.
- Event 5: Leila kisses Roya in the alley, surprising both of them.
- Relationship: Temporal and causal
"
"Roya and Leila's visit to Bazaar-e Tajrish is interrupted by their experience in a secluded alley, after which they return to the bazaar with a new perspective.","The chapter outline begins with Roya and Leila walking through the bazaar and ends with them returning to it. The events in the alley, including the kiss, occur between these two bazaar-related events, suggesting that their experience in the alley changed their perspective when they returned to the bazaar.","Chapter 24 (Events 1, 7)","
- Event 1: Roya and Leila walk through Bazaar-e Tajrish, observing various vendors and activities.
- Event 7: Roya and Leila return to the bazaar, continuing their day with a new perspective.
- Relationship: Temporal, bookending the alley incident
"
"After Leila surprises Roya with a kiss in the alley, Roya reciprocates, leading to a moment of clarity and understanding for her.","The chapter outline describes a sequence where Leila initiates a surprising kiss, followed by Roya's reciprocation. This reciprocation is directly linked to Roya experiencing a moment of clarity and understanding, indicating a causal relationship between the kiss and Roya's emotional response.","Chapter 24 (Events 5, 6)","
- Event 5: Leila kisses Roya in the alley, surprising both of them.
- Event 6: Roya reciprocates the kiss, experiencing a moment of clarity and understanding.
- Relationship: Causal and emotional
"
"After wetting the bed in his Brooklyn hotel room, Cyrus cleans up, leaves money for the maid, and checks out of the hotel.","This fact combines two closely related events from the chapter outline. It shows a clear sequence of actions that Cyrus takes in response to wetting the bed, demonstrating both a temporal and causal relationship between the events.",Chapter 25 (Events 1 and 2),"
- Event 1: Cyrus wakes up in his Brooklyn hotel room, realizing he has wet the bed.
- Event 2: Cyrus cleans up, leaves money for the maid, and checks out of the hotel.
- Relationship: Temporal and causal
"
"Cyrus walks to the Brooklyn Museum while listening to Miserere on his headphones, and upon arrival, he pays the admission fee.","This fact combines two sequential events from the chapter outline, showing Cyrus's journey to the museum and his actions upon arrival. The fact demonstrates both a temporal and spatial relationship between the events.",Chapter 25 (Events 3 and 4),"
- Event 3: Cyrus walks to the Brooklyn Museum, listening to Miserere on his headphones.
- Event 4: Cyrus arrives at the museum and pays the admission fee.
- Relationship: Temporal and spatial
"
"Cyrus learns about Orkideh's death through a note at the closed Death-Speak exhibit, which is then confirmed by a museum docent who provides additional details.","This fact combines two related events from the chapter outline, showing how Cyrus receives and confirms the information about Orkideh's death. The fact demonstrates an informational and confirmatory relationship between the events.",Chapter 25 (Events 5 and 6),"
- Event 5: Cyrus discovers the Death-Speak exhibit is closed and reads a note about Orkideh's passing.
- Event 6: Cyrus speaks with a docent who confirms Orkideh's death and provides some details.
- Relationship: Informational and confirmatory
"
"Upon receiving confirmation and details about Orkideh's death from a museum docent, Cyrus becomes overwhelmed and collapses at the museum.","This fact combines two closely related events from the chapter outline, showing a clear causal relationship between Cyrus receiving the news about Orkideh's death and his subsequent emotional and physical reaction.",Chapter 25 (Events 6 and 7),"
- Event 6: Cyrus speaks with a docent who confirms Orkideh's death and provides some details.
- Event 7: Cyrus, overwhelmed by the news, collapses at the museum.
- Relationship: Causal
"
"In Cyrus's dream sequence, Ali and Rumi smoke and converse on the steps of a music venue, discussing the nature of the afterlife and sharing personal experiences.","The chapter outline describes a dream sequence where Cyrus observes his father Ali and Rumi engaging in conversation. The two events are directly related, showing a continuous scene where Ali and Rumi are smoking and discussing specific topics, including the afterlife and personal experiences. This fact combines multiple detailed elements from the chapter outline without adding any subjective interpretation.","Chapter 26 (Events 1, 2)","
- Event 1: Cyrus observes his father Ali and Rumi smoking and conversing on the steps of a music venue in a dream sequence.
- Event 2: Ali and Rumi discuss the nature of the afterlife and share personal experiences on the venue steps.
- Relationship: Temporal and thematic connection
"
"After Ali confides in Rumi about his suspicions of his wife's potential infidelity before her death, Rumi prepares to perform at the music venue and invites Ali inside.","This fact combines two consecutive events from the chapter outline. It shows the progression of the conversation between Ali and Rumi, moving from a personal revelation by Ali to Rumi's preparation for a performance. The fact maintains the specific details provided in the outline without adding any subjective interpretation or speculation.","Chapter 26 (Events 3, 4)","
- Event 3: Ali reveals to Rumi his suspicions about his wife's potential infidelity before her death outside the music venue.
- Event 4: Rumi prepares to perform at the music venue, inviting Ali to join him inside.
- Relationship: Temporal sequence and change of topic
"
"Rumi's performance inside the venue, which captivates Ali and Zee, culminates with his head catching fire as the venue's ceiling opens to reveal the night sky.","This fact combines two related events from the chapter outline, showing the progression of Rumi's performance from its beginning to its dramatic conclusion. It includes specific details about the audience's reaction and the surreal elements of the performance, such as Rumi's head catching fire and the opening of the venue's ceiling. The fact remains objective and doesn't include any interpretations beyond what's explicitly stated in the outline.","Chapter 26 (Events 5, 6)","
- Event 5: Inside the venue, Rumi begins a performance that captivates the audience, including Ali and Zee.
- Event 6: Rumi's performance culminates in his head catching fire as the venue's ceiling opens up to the night sky.
- Relationship: Temporal sequence and escalation of events
"
"Cyrus regains consciousness at the Brooklyn Museum, experiencing fragmented visions and sensations.","This fact is directly taken from the chapter outline. Although it doesn't combine multiple events, it's a significant standalone event that marks a transition in the narrative from the dream sequence to Cyrus's current reality. The fact remains objective and specific to the information provided in the outline.",Chapter 26 (Event 7),"
- Event 7: Cyrus regains consciousness at the Brooklyn Museum, experiencing fragmented visions and sensations.
- No other events directly related to this one in the chapter outline.
"
Roya and Leila's intimate relationship progresses from a kiss in an alley off Bazaar-e Tajrish to dancing together in Roya's home to a Rolling Stones song.,The chapter outline shows a clear progression of intimate moments between Roya and Leila. It starts with them sharing a kiss in a public space (an alley) and then moves to a more private and intimate setting (Roya's home) where they dance together. This progression indicates the development of their relationship.,"Chapter 27 (Events 1, 3)","
- Event 1: Roya and Leila share a kiss in an alley off Bazaar-e Tajrish in Tehran, August 1987.
- Event 3: Leila plays a Rolling Stones song on the record player, and she and Roya dance intimately in Roya's home.
- Relationship: Progression of intimate moments
"
"While their husbands Ali and Gilgamesh are on a drunken camping trip, Roya and Leila engage in intimate activities at Roya's home, including dancing to a Rolling Stones song.","The chapter outline presents a clear contrast between the activities of the husbands and wives. The husbands are away on a camping trip and make a drunken phone call, while Roya and Leila are together at Roya's home, engaging in intimate activities like dancing. This juxtaposition highlights the separate lives and relationships of the characters.","Chapter 27 (Events 2, 3)","
- Event 2: Roya and Leila receive a drunken phone call from their husbands, Ali and Gilgamesh, who are on a camping trip.
- Event 3: Leila plays a Rolling Stones song on the record player, and she and Roya dance intimately in Roya's home.
- Relationship: Temporal sequence and contrast in activities
"
"After regaining consciousness on the Brooklyn Museum stairs, Cyrus listens to a museum docent named Prateek share a personal story about his aunt's death while sitting on a bench in the museum.","The chapter outline presents a sequence of events involving Cyrus at the Brooklyn Museum. It begins with Cyrus regaining consciousness, surrounded by museum employees, and is followed by an interaction with a specific museum docent, Prateek, who shares a personal story with Cyrus. This sequence shows Cyrus's experience at the museum and his interaction with a staff member.","Chapter 27 (Events 4, 5)","
- Event 4: Cyrus regains consciousness on a landing in the Brooklyn Museum stairs, surrounded by museum employees.
- Event 5: Prateek, a museum docent, shares a personal story about his aunt's death with Cyrus on a bench in the museum.
- Relationship: Sequence of events following Cyrus's loss of consciousness
"
"After leaving the Brooklyn Museum in an emotional state, Cyrus receives a voicemail from Sang Linh, Orkideh's representative, asking him to return her call.","The chapter outline shows a clear sequence of events following Cyrus's visit to the Brooklyn Museum. It describes Cyrus leaving the museum while reflecting on his experiences and feeling emotional, followed by him receiving a voicemail from Orkideh's representative. This sequence of events connects Cyrus's emotional state after the museum visit with a potential continuation of his interaction with Orkideh through her representative.","Chapter 27 (Events 6, 7)","
- Event 6: Cyrus leaves the Brooklyn Museum, reflecting on his experiences and feeling emotional.
- Event 7: Cyrus receives a voicemail from Sang Linh, Orkideh's representative, requesting him to call her back.
- Relationship: Temporal sequence of events after Cyrus's museum visit
"
"Upon learning of Orkideh's death, Cyrus impulsively asks Sang if Orkideh was his mother, to which Sang confirms that Orkideh was indeed Cyrus's biological mother.","This fact combines three closely related events from the chapter outline. It shows the sequence of Cyrus learning about Orkideh's death, which prompts him to ask about her relationship to him, leading to the revelation that Orkideh was his biological mother. This demonstrates a strong causal relationship between these events.","Chapter 28 (Events 3, 4, 5)","
- Event 3: Cyrus learns that Orkideh has passed away by her own choice.
- Event 4: Cyrus impulsively asks if Orkideh was his mother.
- Event 5: Sang confirms that Orkideh was indeed Cyrus's biological mother.
- Relationship: Temporal and causal
"
"While sitting on a bench in Prospect Park across from the Brooklyn Museum, Cyrus listens to a voicemail from Orkideh's gallerist Sang and then calls him back, learning that Orkideh has passed away by her own choice.",This fact combines two related events from the chapter outline. It establishes the setting (Prospect Park across from the Brooklyn Museum) and the sequence of events,"Chapter 28 (Events 2, 3)","
- Event 2: Cyrus sits on a bench in Prospect Park across from the Brooklyn Museum, listening to a voicemail from Orkideh's gallerist Sang.
- Event 3: Cyrus calls Sang back and learns that Orkideh has passed away by her own choice.
- Relationship: Temporal and causal
"
"After Sang confirms that Orkideh was Cyrus's biological mother and had recognized him at the museum, Cyrus searches for pictures of Orkideh online, looking for resemblances to himself and Roya.",This fact combines two related events from the chapter outline. It shows a clear causal relationship between Cyrus learning that Orkideh was his mother and his subsequent action of searching for pictures to find physical similarities. This demonstrates Cyrus's immediate reaction to the revelation about his biological mother.,"Chapter 28 (Events 5, 6)","
- Event 5: Sang confirms that Orkideh was indeed Cyrus's biological mother, revealing that she recognized him at the museum.
- Event 6: Cyrus searches for pictures of Orkideh online, looking for resemblances to himself and Roya.
- Relationship: Causal
"
"While Cyrus searches for pictures of Orkideh online to find resemblances to himself and Roya, Sang offers to drive to Cyrus's location in Prospect Park to meet him.","This fact combines two events from the chapter outline that occur in close temporal proximity. It shows Cyrus's immediate actions following the revelation about Orkideh being his mother, and Sang's response to the situation by offering to meet Cyrus in person. This demonstrates the urgency and importance of the situation.","Chapter 28 (Events 6, 7)","
- Event 6: Cyrus searches for pictures of Orkideh online, looking for resemblances to himself and Roya.
- Event 7: Sang offers to drive to Cyrus's location in Prospect Park to meet him.
- Relationship: Temporal
"
"After surviving the Iran Air Flight 655 incident by switching identities with Leila, Roya journeyed from Iran to Turkey and eventually to New York City.","The chapter outline describes Roya's survival of the Iran Air Flight 655 incident through identity switching, followed by her journey to New York City via Turkey. This sequence of events shows a clear temporal and causal relationship between Roya's survival and her subsequent journey.","Chapter 29 (Events 1, 2)","
- Event 1: Roya survives Iran Air Flight 655 incident by switching identities with Leila.
- Event 2: Roya describes her journey from Iran to Turkey and eventually to New York City.
- Relationship: Temporal and causal
"
"Roya's artistic career in New York progressed from working at a Greek diner while developing her skills, to meeting gallery owner Sang Linh who encouraged her to show her work, culminating in a positive New York Times review that launched her career.","The chapter outline presents a clear progression of Roya's artistic career in New York. It begins with her working at a diner while developing her skills, then describes her meeting with Sang Linh who encourages her to show her work, and finally mentions a positive New York Times review that propels her career forward. This sequence demonstrates the development of Roya's artistic journey in New York.","Chapter 29 (Events 3, 4, 5)","
- Event 3: In New York, Roya works at a Greek diner while developing her artistic skills.
- Event 4: Roya meets Sang Linh, a gallery owner, who encourages her to show her artwork.
- Event 5: Roya's art career takes off after a New York Times critic writes a positive review.
- Relationship: Progression of Roya's artistic career
"
"Following a positive New York Times review that particularly praised her piece ""Dudusch,"" Roya reflected on her artistic process and the sacrifices she had made.","The chapter outline indicates that Roya's art career took off after a positive New York Times review, which specifically praised her piece ""Dudusch."" This is followed by Roya's reflection on her artistic process and sacrifices, suggesting a causal relationship between the review and her introspection about her artistic journey.","Chapter 29 (Events 5, 6)","
- Event 5: New York Times critic writes a positive review of Roya's work, praising ""Dudusch.""
- Event 6: Roya reflects on her artistic process and sacrifices.
- Relationship: Cause and effect
"
"Roya's reflections on her artistic process, sacrifices, and the concept of grace informed her preparation for the ""death-Speak"" installation at the Brooklyn Museum, which involved legal challenges.","The chapter outline presents Roya's reflections on her artistic journey, including the concept of grace, immediately before describing her preparations for the ""death-Speak"" installation. This sequence suggests a thematic connection between Roya's artistic development and her final installation, with the added complexity of legal challenges in realizing this work.","Chapter 29 (Events 6, 7)","
- Event 6: Roya reflects on her artistic process, sacrifices, and the concept of grace.
- Event 7: Roya describes legal challenges and preparations for ""death-Speak"" installation.
- Relationship: Thematic connection between artistic journey and final installation
"
"Orkideh, despite experiencing inconsistent happiness, expresses contentment with her life and does not view it as a tragedy.","This fact combines three related items from the chapter outline. It shows Orkideh's complex but ultimately positive view of her life experiences. The fact is objective and specific to the information provided in the outline, without adding any subjective interpretation.","Chapter 30 (Events 1, 4, 6)","
- Event 1: Orkideh experienced happiness in her life, though not consistently.
- Event 4: Orkideh states that she doesn't view her life as a tragedy.
- Event 6: Orkideh expresses contentment with her life.
Relationship: These events all relate to Orkideh's overall perspective on her life.
"
"Orkideh suggests that people have a limited amount of lifetime joy, and believes she may have quickly used up her allotment, especially in her experiences with Leila.","This fact combines two closely related items from the chapter outline. It presents Orkideh's philosophical view on joy and her personal application of this concept to her own life, specifically mentioning Leila. The fact is objective and directly based on the information provided in the outline.","Chapter 30 (Events 2, 3)","
- Event 2: Orkideh suggests everyone might have a limited amount of joy to experience in their lifetime.
- Event 3: Orkideh mentions she may have used up her lifetime's allotment of joy quickly, particularly with Leila.
Relationship: These events are directly related, with the second event being a personal application of the first.
"
"Orkideh, who defines tragedies as relentless experiences, states that she does not view her own life as a tragedy.","This fact combines two related items from the chapter outline. It presents Orkideh's definition of tragedy and her application of this definition to her own life. The fact is objective and directly based on the information provided in the outline, without adding any subjective interpretation.","Chapter 30 (Events 4, 5)","
- Event 4: Orkideh states that she doesn't view her life as a tragedy.
- Event 5: Orkideh defines tragedies as relentless experiences.
Relationship: These events are related as they both deal with Orkideh's understanding of tragedy.
"
"Cyrus expresses anger and confusion upon learning from Sang that his mother, Roya, had planned to leave with her lover Leila by switching passports.","This fact combines two closely related events from the chapter outline. Sang's revelation about Roya's plan directly causes Cyrus's emotional reaction. The fact is specific, objective, and grounded in the provided information without any subjective interpretation.","Chapter 31 (Events 3, 4)","
- Event 3: Sang reveals Roya's plan to leave with Leila by switching passports
- Event 4: Cyrus expresses anger and confusion about the revelation
- Relationship: Cause and effect
"
"After Cyrus recounts a Muslim story about Satan and Adam, he and Sang reflect on their conversation while observing Prospect Park around them.",This fact combines two sequential events from the chapter outline. It shows the progression of their conversation from Cyrus sharing a specific story to both of them reflecting on their discussion. The fact is specific to the chapter and objectively states what occurred without interpretation.,"Chapter 31 (Events 6, 7)","
- Event 6: Cyrus recounts a Muslim story about Satan and Adam
- Event 7: Cyrus and Sang reflect on their conversation and observe the park
- Relationship: Temporal sequence
"
"Orkideh's experience of her first symbolic death, when Leila died in her place on Iran Air Flight 655, informs the purpose of her final installation ""Death-Speak"" at the Brooklyn Museum.","The chapter outline reveals that Orkideh recounts her first symbolic death involving Leila on Iran Air Flight 655, and then discusses the purpose of her ""Death-Speak"" installation. This suggests a thematic connection between Orkideh's past experiences with death and the purpose of her current art installation, both of which involve confronting mortality.","Chapter 32 (Events 1, 2)","
- Event 1: Orkideh recounts her first symbolic death when Leila died in her place on Iran Air Flight 655.
- Event 2: Orkideh discusses the purpose of her final installation, ""Death-Speak,"" at the Brooklyn Museum.
- Relationship: Thematic connection between past events and current art installation
"
"Orkideh's final installation concept evolved through a series of interactions with Sang Linh, including an initial pitch, an argument, and a final conversation, during which Sang suggested the name ""Death-Speak.""","The chapter outline describes a sequence of events involving Orkideh and Sang Linh, her gallerist and former partner. It begins with Orkideh pitching her installation idea, followed by an argument about the installation, and concludes with a final conversation. During this process, Sang suggests the name ""Death-Speak"" for the installation. This sequence demonstrates how the installation concept developed through their collaboration and conflict.","Chapter 32 (Events 5, 6, 7)","
- Event 5: Orkideh recalls pitching her final installation idea to Sang Linh, her gallerist and former partner.
- Event 6: Sang and Orkideh argue about the installation, with Sang eventually suggesting the name ""Death-Speak.""
- Event 7: Orkideh remembers her past relationship with Sang and their final conversation about the installation.
- Relationship: Development of the installation concept through collaboration and conflict
"
"Orkideh's reflection on a poem by Farrokhzad informs the purpose of her final installation, ""Death-Speak,"" at the Brooklyn Museum.","The chapter outline indicates that Orkideh discusses the purpose of her ""Death-Speak"" installation and then reflects on a poem by Farrokhzad, considering its relevance to her current situation. This sequence suggests that the poem by Farrokhzad influenced Orkideh's artistic expression in her final installation, demonstrating a connection between literary inspiration and visual art.","Chapter 32 (Events 2, 3)","
- Event 2: Orkideh discusses the purpose of her final installation, ""Death-Speak,"" at the Brooklyn Museum.
- Event 3: Orkideh reflects on a poem by Farrokhzad and its relevance to her current situation.
- Relationship: Influence of poetry on Orkideh's artistic expression
"
"Cyrus learns about Orkideh's death from her obituary in the New York Times while in Prospect Park, shortly before receiving a call from Zee about the same event at the Brooklyn Museum.","The chapter outline indicates that Cyrus first reads Orkideh's obituary in the New York Times while in Prospect Park. Immediately after, Zee calls Cyrus to inform him about Orkideh's death at the Brooklyn Museum. This sequence of events shows how Cyrus receives the news of Orkideh's death from two different sources in quick succession.","Chapter 33 (Events 1, 2)","
- Event 1: Cyrus reads Orkideh's obituary in the New York Times.
- Event 2: Zee calls Cyrus about Orkideh's death at the Brooklyn Museum.
- Relationship: Temporal and informational
"
"Cyrus and Zee's observation of surreal changes in their surroundings, including blooming trees and crumbling buildings, prompts them to discuss the nature of dreams, goodness, and the transforming world around them.","The chapter outline indicates that Cyrus and Zee first observe surreal changes in their environment, such as blooming trees and crumbling buildings. This observation leads directly to their discussion about the nature of dreams, goodness, and the transforming world, showing a clear causal relationship between what they see and what they discuss.","Chapter 33 (Events 4, 5)","
- Event 4: Cyrus and Zee observe surreal changes in their surroundings.
- Event 5: Cyrus and Zee discuss the nature of dreams, goodness, and the transforming world.
- Relationship: Causal
"
"A herd of wild horses gallops through the park, followed by a black stallion with a cloaked rider.",The chapter outline describes two related events occurring in sequence,Chapter 33 (Event 6),"
- Event 6: A herd of wild horses gallops through the park.
- Event 6: A black stallion with a cloaked rider follows the herd.
- Relationship: Temporal and descriptive
"
"Cyrus and Zee kneel by a golden pool that has formed in the ground, preparing for an unknown next step.","The chapter outline describes Cyrus and Zee kneeling by a golden pool that has formed in the ground. It also mentions that they are preparing for an unknown next step. This fact combines these elements to capture the mysterious and anticipatory nature of the scene, as well as the surreal appearance of the golden pool.",Chapter 33 (Event 7),"
- Event 7: Cyrus and Zee kneel by a golden pool.
- Event 7: The golden pool has formed in the ground.
- Event 7: Cyrus and Zee are preparing for an unknown next step.
- Relationship: Descriptive and anticipatory
"
"During the dismantling of the ""Why We Put Mirrors in Birdcages"" exhibition at Sang's gallery in New York, Duy carries a large painting titled ""Odi et Amo"" to be packed for the buyer David J. T. Swartzwelder.","This fact combines two specific events from the chapter outline. It shows that the dismantling process involves multiple tasks, including packing specific artworks for buyers. The fact is objective and detailed, mentioning the exact title of the exhibition, the painting, and the buyer's name.","Chapter 34 (Events 1, 2)","
- Event 1: Sang, Roya, and Duy dismantle the ""Why We Put Mirrors in Birdcages"" exhibition
- Event 2: Duy carries a large painting, ""Odi et Amo,"" to be packed for the buyer
- Relationship: Part of the same dismantling process
"
"Sang, Roya, and Duy work through the night at the gallery, with activities ranging from sanding down spackle while listening to pop radio to singing and dancing together.","This fact combines two related events from the chapter outline. It demonstrates the progression of their work throughout the night, from specific tasks like sanding spackle to more celebratory activities. The fact is objective and shows the varied nature of their work and interactions in the gallery.","Chapter 34 (Events 3, 7)","
- Event 3: Sang and Roya sand down spackle while listening to pop radio
- Event 7: The three spend the night working in the gallery, singing, dancing, and laughing together
- Relationship: Both events involve music and work in the gallery
"
"Roya shares with Sang her plan to buy a Cadillac car door with the money from the show, and then jokes about using it when the world ends, causing both to laugh uncontrollably.","This fact combines two closely related events from the chapter outline. It shows the progression from Roya's plan to purchase the car door to her joke about its use, demonstrating their camaraderie and shared humor. The fact is specific and objective, detailing Roya's intentions and the reaction to her joke.","Chapter 34 (Events 4, 5)","
- Event 4: Roya embraces Sang and shares her plan to buy a Cadillac car door
- Event 5: Roya tells a joke about using the car door when the world ends
- Relationship: Both events involve Roya's plan for the Cadillac car door
"
"As part of the transition between exhibitions at Sang's gallery in New York, Sang and Roya sand down spackle to prepare the walls for the next show while dismantling the ""Why We Put Mirrors in Birdcages"" exhibition.","This fact combines two related events from the chapter outline. It demonstrates the process of transitioning between exhibitions, including both the dismantling of the current show and the preparation for the next one. The fact is specific and objective, detailing the exact activities involved in this transition.","Chapter 34 (Events 1, 3)","
- Event 1: Dismantling the ""Why We Put Mirrors in Birdcages"" exhibition
- Event 3: Sang and Roya sand down spackle to prepare the walls for the next exhibition
- Relationship: Both events are part of the transition between exhibitions
"
