facts,corrupted_facts,fact_reasoning,corrupted_reasoning,source,brainstorm
"The goose-girl followed by the old man on the road to Dreiberg is later revealed to be Gretchen, who enters the palace gardens and is confronted by the head gardener Hermann.","The goose-girl followed by the old man on the road to Dreiberg is later revealed to be Princess Hildegarde, who enters the palace gardens and is confronted by the head gardener Hermann.","In Chapter 1, an old man follows a goose-girl up the road to Dreiberg. Later, in Chapter 9, we see Gretchen entering the palace gardens. The connection between these two events suggests that Gretchen is the same goose-girl from Chapter 1, showing her character development from a simple goose-girl to someone who can enter the palace gardens.","The corrupted fact incorrectly identifies the goose-girl as Princess Hildegarde instead of Gretchen, which is not supported by the chapter outlines.","Chapter 1, 9","- Chapter 1, item 2: The old man follows a goose-girl up the road, maintaining a distance behind her.
- Chapter 9, item 2: Gretchen enters the palace gardens and is confronted by the head gardener Hermann, but is saved by the princess's intervention.
- Relationship: Character development (Gretchen)"
"The veiled woman Carmichael observes entering the royal gardens is likely Princess Hildegarde, who later discusses a marriage proposal with the Duke in the palace music room.","The veiled woman Carmichael observes entering the royal gardens is likely Gretchen, who later discusses a marriage proposal with the Duke in the palace music room.","In Chapter 2, Carmichael sees a veiled woman entering the royal gardens. In Chapter 3, we learn that Princess Hildegarde is in the palace, discussing a marriage proposal with the Duke. The connection between these events suggests that the veiled woman Carmichael observed was Princess Hildegarde entering the palace grounds.","The corrupted fact incorrectly identifies the veiled woman as Gretchen instead of Princess Hildegarde, which is not supported by the chapter outlines.","Chapter 2, 3","- Chapter 2, item 7: Carmichael observes a veiled woman entering the royal gardens through a side gate.
- Chapter 3, item 3: The Duke informs Princess Hildegarde about the marriage proposal in the music room of the palace.
- Relationship: Character identity (veiled woman)"
"The mountaineer who observes the clock-mender and later reveals his identity is Herr Ludwig, the prince regent of Jugendheit, who went on one last adventure before his coronation.","The mountaineer who observes the clock-mender and later reveals his identity is Hans Grumbach, a former soldier who went on one last adventure before returning to Dreiberg.","In Chapter 4, a mountaineer observes a clock-mender. In Chapter 13, the same mountaineer visits the clock-mender's shop and reveals his true identity. Finally, in Chapter 14, Herr Ludwig is revealed to be the prince regent of Jugendheit who went on a final adventure before his coronation. These events connect to show that the mountaineer is actually Herr Ludwig in disguise.","The corrupted fact incorrectly identifies the mountaineer as Hans Grumbach instead of Herr Ludwig, which is not supported by the chapter outlines.","Chapter 4, 13, 14","- Chapter 4, item 7: The mountaineer follows and observes an old clock-mender eating soup in his shop across the street.
- Chapter 13, item 7: The mountaineer visits the clock-mender's shop, revealing his true identity to the shocked proprietor.
- Chapter 14, item 2: Herr Ludwig shares a story about a young king who went on one last adventure before his coronation, revealing his own identity.
- Relationship: Character identity (mountaineer/Herr Ludwig)"
The locket Grumbach examines in his hotel room is likely the same locket that falls from Princess Hildegarde and is retrieved by Grumbach later.,The shoes Grumbach examines in his hotel room are likely the same shoes that fall from Princess Hildegarde and are retrieved by Grumbach later.,"In Chapter 6, Grumbach examines personal items including a locket from a hidden compartment in his trunk. Later, in Chapter 14, Princess Hildegarde's locket falls and Grumbach retrieves it. The appearance of a locket in both scenes, coupled with Grumbach's involvement, suggests that these are likely the same object, indicating a connection between Grumbach and the princess.","The corrupted fact incorrectly states that shoes fall from Princess Hildegarde instead of a locket, which is not supported by the chapter outlines.","Chapter 6, 14","- Chapter 6, item 7: In his hotel room, Grumbach examines personal items from a hidden compartment in his trunk, including small shoes, a cloak, and a locket.
- Chapter 14, item 5: Princess Hildegarde's locket falls, Grumbach retrieves it, and she departs with Carmichael towards the city.
- Relationship: Object significance (locket)"
"Gretchen, who is discovered to have an exceptional singing talent by the Herr Direktor, later receives an inheritance, marking significant changes in her life circumstances.","Gretchen, who is discovered to have an exceptional dancing talent by the Herr Direktor, later receives an inheritance, marking significant changes in her life circumstances.","In Chapter 9, Gretchen's exceptional singing talent is revealed when tested by the Herr Direktor. Later, in Chapter 11, Carmichael and Hans learn about Gretchen's inheritance at the Black Eagle tavern. These two events show significant positive changes in Gretchen's life, from the discovery of her talent to her sudden wealth.","The corrupted fact incorrectly states that Gretchen's talent is in dancing rather than singing, which is not supported by the chapter outlines.","Chapter 9, 11","- Chapter 9, item 5: At the princess's request, the Herr Direktor tests Gretchen's singing voice, revealing her exceptional talent.
- Chapter 11, item 3: Carmichael joins Hans at the Black Eagle tavern, where they encounter Gretchen and learn about her inheritance.
- Relationship: Character development (Gretchen)"
"The Black Eagle tavern is a central location where multiple characters, including the old man, Carmichael, Hans, and Gretchen, converge at different times.","The Black Eagle tavern is a central location where multiple characters, including the old man, Carmichael, Hans, and Princess Hildegarde, converge at different times.","In Chapter 1, the old man enters the Black Eagle tavern after parting ways with the goose-girl. Later, in Chapter 4, Carmichael sits at a table with a young vintner at the same tavern. In Chapter 11, Hans and Carmichael encounter Gretchen at the Black Eagle tavern. This demonstrates that the tavern serves as a recurring meeting place for various characters throughout the story.","The corrupted fact incorrectly includes Princess Hildegarde as one of the characters who visits the Black Eagle tavern, which is not mentioned in any of the chapter outlines.","Chapters 1, 4, 11","- Chapter 1, item 7: The old man enters the Black Eagle tavern after giving the goose-girl a gold coin.
- Chapter 4, item 4: Carmichael sits at a table with a young vintner at the Black Eagle tavern.
- Chapter 11, item 3: Hans and Carmichael encounter Gretchen at the Black Eagle tavern.
- Relationship: Central location (Black Eagle tavern)"
"Colonel von Wallenstein makes multiple unwanted advances towards Gretchen, with different characters intervening to protect her on separate occasions.","Colonel von Wallenstein makes multiple unwanted advances towards Gretchen, with Carmichael intervening to protect her on separate occasions.","In Chapter 2, Carmichael indirectly intervenes to help Gretchen escape Colonel von Wallenstein's unwanted advances. Later, in Chapter 13, Colonel von Wallenstein attempts to kiss Gretchen against her will, and a mountaineer physically intervenes to protect her. These incidents demonstrate a pattern of harassment by the Colonel and the need for others to protect Gretchen.","The corrupted fact incorrectly states that Carmichael intervenes on multiple occasions, when in fact, the second intervention is carried out by a mountaineer, not Carmichael.","Chapters 2, 13","- Chapter 2, item 5: Carmichael intervenes indirectly to help Gretchen escape Colonel von Wallenstein's unwanted advances.
- Chapter 13, item 1-3: Colonel von Wallenstein attempts to kiss Gretchen against her will, and a mountaineer intervenes.
- Chapter 15, item 6: Carmichael, disguised as a vintner, is mistakenly captured in Krumerweg.
- Relationship: Recurring conflict (Gretchen and Colonel von Wallenstein)"
The locket Grumbach keeps in his trunk and later retrieves for Princess Hildegarde is connected to the revelation about her true parentage.,The locket Grumbach keeps in his trunk and later retrieves for Princess Hildegarde proves that she is the duke's daughter.,"In Chapter 6, Grumbach is shown examining personal items, including a locket, from a hidden compartment in his trunk. Later, in Chapter 14, he retrieves Princess Hildegarde's fallen locket. Finally, in Chapter 21, Grumbach reveals evidence suggesting Princess Hildegarde may not be the duke's daughter. The recurring presence of the locket and Grumbach's involvement in both its safekeeping and the revelation about Hildegarde's parentage suggests a connection between these events.","The corrupted fact incorrectly states that the locket proves Hildegarde is the duke's daughter, when in fact, it is connected to evidence suggesting she may not be the duke's daughter.","Chapters 6, 14, 21","- Chapter 6, item 7: Grumbach examines personal items from a hidden compartment in his trunk, including small shoes, a cloak, and a locket.
- Chapter 14, item 6: Princess Hildegarde's locket falls, and Grumbach retrieves it.
- Chapter 21, item 3: Grumbach reveals evidence suggesting Princess Hildegarde may not be the duke's daughter.
- Relationship: Central object (locket) and plot development"
"Gretchen's life undergoes significant changes, including the discovery of her singing talent, sudden wealth, and the revelation of her true identity as the duke's daughter, all connected by a distinctive scar on her arm.","Gretchen's life undergoes significant changes, including the discovery of her painting talent, sudden wealth, and the revelation of her true identity as the duke's daughter, all connected by a distinctive birthmark on her arm.","In Chapter 9, Gretchen's exceptional singing talent is discovered by the Herr Direktor. In Chapter 10, she receives an inheritance, making her wealthy. Later, in Chapter 17, Grumbach notices a distinctive scar on Gretchen's arm. Finally, in Chapter 21, this scar is used to identify Gretchen as the duke's true daughter. These events show the progression of Gretchen's character development and the ultimate revelation of her true identity.","The corrupted fact incorrectly mentions Gretchen's painting talent instead of her singing talent, and refers to a birthmark rather than a scar on her arm, which are not mentioned in the chapter outlines.","Chapters 9, 10, 17, 21","- Chapter 9, item 5-6: The Herr Direktor tests Gretchen's singing voice, revealing her exceptional talent, and offers to teach her.
- Chapter 10, item 5-6: Gretchen brings news of Emma Schultz's death and receives an inheritance, making her wealthy.
- Chapter 17, item 4: Grumbach notices a distinctive scar on Gretchen's arm while she kneads bread.
- Chapter 21, item 3-4: The duke examines Gretchen's arm for an identifying burn scar, suggesting she may be his true daughter.
- Relationship: Character development and plot twist (Gretchen's identity)"
"The vintner who writes a cryptic note about number forty Krumerweg is later revealed to be Frederick Leopold, the king of Jugendheit, who has been disguising himself to pursue a relationship with Gretchen.","The vintner who writes a cryptic note about number forty Krumerweg is later revealed to be Hans Grumbach, who has been disguising himself to pursue a relationship with Gretchen.","In Chapter 12, the vintner writes a cryptic note to Carmichael about the secret of number forty Krumerweg. In Chapter 15, Carmichael is mistakenly captured while disguised as a vintner, suggesting a connection between the two. In Chapter 19, Carmichael confronts the vintner, addressing him as ""your majesty."" Finally, in Chapter 20, it is explicitly revealed that the vintner is actually Frederick Leopold, the king of Jugendheit, who has been in disguise to pursue Gretchen. This progression of events shows the gradual revelation of the vintner's true identity.","The corrupted fact incorrectly identifies the vintner as Hans Grumbach instead of Frederick Leopold, the king of Jugendheit, which contradicts the information provided in the chapter outlines.","Chapters 12, 15, 19, 20","- Chapter 12, item 7: The vintner writes a cryptic note to Carmichael about the secret of number forty Krumerweg.
- Chapter 15, item 4: Carmichael, disguised as a vintner, is mistakenly captured in Krumerweg.
- Chapter 19, item 7: Carmichael confronts the vintner in his room, addressing him as ""your majesty.""
- Chapter 20, item 1-3: Carmichael confronts the king (Frederick Leopold) about his intentions towards Gretchen, revealing that the vintner is actually the king of Jugendheit.
- Relationship: Character identity reveal (vintner as the king)"
"The old man who enters the Black Eagle tavern in Chapter 1 is the same person as the mountaineer who later reveals his true identity to the clock-mender, connecting these seemingly unrelated characters.","The old man who enters the Black Eagle tavern in Chapter 1 is revealed to be the clock-mender himself, connecting these seemingly unrelated characters.","In Chapter 1, an old man enters the Black Eagle tavern. In Chapter 4, a mountaineer observes a clock-mender across the street from the tavern. Finally, in Chapter 13, the mountaineer visits the clock-mender's shop and reveals his true identity. This progression suggests that the old man, the mountaineer, and the person who reveals his identity to the clock-mender are all the same individual, establishing a connection between these characters across multiple chapters.","The corrupted fact incorrectly states that the old man is the clock-mender, when in fact, the old man/mountaineer reveals his identity to the clock-mender, indicating they are separate individuals.","Chapters 1, 4, 13","- Chapter 1, item 7: The old man enters the Black Eagle tavern after giving the goose-girl a gold coin.
- Chapter 4, item 7: The mountaineer observes an old clock-mender eating soup in his shop across the street from the tavern.
- Chapter 13, item 7: The mountaineer visits the clock-mender's shop, revealing his true identity.
- Relationship: The old man/mountaineer's identity and his connection to the clock-mender"
"Carmichael's interactions with Gretchen and the vintner at the Black Eagle tavern are connected to his later confrontation of the vintner as ""your majesty,"" revealing the vintner's royal identity.","Carmichael's interactions with Gretchen and the vintner at the Black Eagle tavern are connected to his later confrontation of Gretchen as ""your majesty,"" revealing her royal identity.","In Chapter 2, Carmichael speaks with Gretchen and learns about her background. In Chapter 4, he notices Gretchen at the tavern and sits with a young vintner. These interactions set the stage for Chapter 19, where Carmichael confronts the vintner in his room, addressing him as ""your majesty."" This progression shows how Carmichael's observations and interactions led him to uncover the vintner's true identity as royalty.","The corrupted fact incorrectly states that Carmichael confronts Gretchen as ""your majesty,"" when in fact, he confronts the vintner, revealing the vintner's royal identity, not Gretchen's.","Chapters 2, 4, 19","- Chapter 2, item 6: Carmichael speaks with Gretchen, learning about her background and offering help.
- Chapter 4, item 3: Carmichael enters the tavern, notices Gretchen, and sits at a table with a young vintner.
- Chapter 19, item 7: Carmichael confronts the vintner in his room, addressing him as ""your majesty.""
- Relationship: Carmichael's interactions with Gretchen and the vintner, leading to the revelation of the vintner's true identity"
"The locket Grumbach keeps in his trunk and later retrieves for Princess Hildegarde is connected to the revelation that Gretchen, not Hildegarde, has the identifying burn scar of the duke's true daughter.","The locket Grumbach keeps in his trunk and later retrieves for Princess Hildegarde is connected to the revelation that Hildegarde, not Gretchen, has the identifying burn scar of the duke's true daughter.","In Chapter 6, Grumbach examines a locket from a hidden compartment in his trunk. In Chapter 14, he retrieves Princess Hildegarde's fallen locket. These events are linked to Chapter 21, where the duke examines Hildegarde and Gretchen for an identifying burn scar, revealing Gretchen as his true daughter. The locket serves as a key piece of evidence in uncovering the truth about the princesses' identities.","The corrupted fact incorrectly states that Hildegarde has the identifying burn scar, when in fact, it is Gretchen who is revealed to have the scar, indicating she is the duke's true daughter.","Chapters 6, 14, 21","- Chapter 6, item 7: Grumbach examines personal items from a hidden compartment in his trunk, including small shoes, a cloak, and a locket.
- Chapter 14, item 6: Princess Hildegarde's locket falls, and Grumbach retrieves it.
- Chapter 21, item 3: The duke summons Princess Hildegarde and Gretchen to examine their arms for an identifying burn scar.
- Relationship: The locket and its connection to the revelation of true identities"
"Gretchen's life undergoes a series of transformative events, from the discovery of her exceptional singing talent to sudden wealth, and ultimately to becoming the queen of Jugendheit through marriage to the king.","Gretchen's life undergoes a series of transformative events, from the discovery of her exceptional dancing talent to sudden poverty, and ultimately to becoming the queen of Jugendheit through marriage to the duke.","In Chapter 9, Gretchen's exceptional singing talent is discovered by the Herr Direktor. Chapter 10 reveals that Gretchen receives an inheritance, supplemented by the duke and Hildegarde, making her wealthy. Finally, in Chapter 22, the king announces his intention to marry Gretchen, which will make her the queen of Jugendheit. These events trace Gretchen's remarkable journey from a simple goose-girl to royalty.","The corrupted fact incorrectly states that Gretchen's talent is in dancing (instead of singing), that she becomes impoverished (instead of wealthy), and that she marries the duke (instead of the king of Jugendheit).","Chapters 9, 10, 22","- Chapter 9, item 5: The Herr Direktor tests Gretchen's singing voice, revealing her exceptional talent.
- Chapter 10, item 6: The duke and Hildegarde supplement Gretchen's inheritance, making her wealthy.
- Chapter 22, item 3: The king announces his intention to marry Gretchen, making her the queen of Jugendheit.
- Relationship: Gretchen's rise from a goose-girl to a queen"
"The vintner who successfully explains away a suspicious newspaper cutting at the police bureau is later revealed to be the king of Jugendheit, as evidenced by Carmichael's confrontation and address of ""your majesty.""","The vintner who fails to explain away a suspicious newspaper cutting at the police bureau is later revealed to be the duke of Ehrenstein, as evidenced by Carmichael's confrontation and address of ""your grace.""","In Chapter 12, the vintner is questioned at the police bureau about a suspicious newspaper cutting, which he successfully explains away. Chapter 15 introduces a mysterious note inviting Carmichael to Krumerweg dressed as a vintner, suggesting a connection between Carmichael and the vintner's identity. Finally, in Chapter 19, Carmichael confronts the vintner in his room, addressing him as ""your majesty,"" revealing that the vintner is actually the king of Jugendheit. This progression of events shows how the vintner's true identity is gradually uncovered throughout the story.","The corrupted fact incorrectly states that the vintner fails to explain the newspaper cutting (he actually succeeds), misidentifies him as the duke of Ehrenstein (he is the king of Jugendheit), and uses the wrong form of address (""your grace"" instead of ""your majesty"").","Chapters 12, 15, 19","- Chapter 12, item 2: At the police bureau, the vintner is questioned by the sub-chief, successfully explaining away the suspicious newspaper cutting.
- Chapter 15, item 4: Carmichael receives a mysterious note inviting him to Krumerweg dressed as a vintner.
- Chapter 19, item 7: Carmichael confronts the vintner in his room, addressing him as ""your majesty.""
- Relationship: The vintner's true identity and the events leading to its revelation"
"The old man who enters the Black Eagle tavern in Chapter 1 is the same person as the mountaineer who intervenes at the tavern in Chapter 13 and later reveals himself as Herr Ludwig, the prince regent of Jugendheit, to the clock-mender.",The old man who enters the Black Eagle tavern in Chapter 1 is the same person as the mountaineer who intervenes at the tavern in Chapter 13 and later reveals himself as Hans Grumbach to the clock-mender.,"In Chapter 1, an old man enters the Black Eagle tavern. In Chapter 13, a mountaineer intervenes at the same tavern to protect Gretchen from Colonel Von Wallenstein. Later in Chapter 13, this mountaineer visits the clock-mender's shop and reveals his true identity. In Chapter 14, it is confirmed that this person is Herr Ludwig, the prince regent of Jugendheit. These connections show that the old man, mountaineer, and Herr Ludwig are the same person, demonstrating his various disguises throughout the story.","The corrupted fact incorrectly identifies the person as Hans Grumbach instead of Herr Ludwig, the prince regent of Jugendheit. This is clearly wrong based on the information provided in the chapter outlines.","Chapters 1, 13, 14","- Chapter 1, item 7: The old man enters the Black Eagle tavern after giving the goose-girl a gold coin.
- Chapter 13, item 3: A mountaineer intervenes at the Black Eagle tavern, overpowering Colonel Von Wallenstein.
- Chapter 13, item 7: The mountaineer visits the clock-mender's shop, revealing his true identity.
- Chapter 14, item 2: Herr Ludwig (the prince regent of Jugendheit) reveals his identity to the clock-mender.
Relationship: The old man, mountaineer, and Herr Ludwig are the same person, connecting these events across chapters."
"Carmichael intervenes twice to protect Gretchen from Colonel von Wallenstein's advances, first indirectly in the public gardens and later directly in a sword fight, where the vintner, who is actually the king of Jugendheit in disguise, is also involved.","Carmichael intervenes twice to protect Gretchen from Colonel von Wallenstein's advances, first indirectly in the public gardens and later directly in a sword fight, where Hans Grumbach, who is actually the king of Jugendheit in disguise, is also involved.","In Chapter 2, Carmichael indirectly helps Gretchen escape Wallenstein's unwanted advances in the public gardens. Later, in Chapter 19, Carmichael directly intervenes in a sword fight between Wallenstein and the vintner, who is protecting Gretchen. The vintner is later revealed to be the king of Jugendheit in disguise, as evidenced by Carmichael's confrontation in Chapter 19. This fact demonstrates Carmichael's consistent role in protecting Gretchen and reveals the complex identities involved in these interactions.","The corrupted fact incorrectly identifies Hans Grumbach as the king of Jugendheit in disguise, when it is actually the vintner who is revealed to be the king. This misidentification makes the corrupted fact inaccurate based on the information provided in the chapter outlines.","Chapters 2, 12, 19","- Chapter 2, item 5: Carmichael intervenes indirectly to help Gretchen escape Colonel von Wallenstein's unwanted advances.
- Chapter 12, item 2: The vintner confronts Gretchen about spy accusations, leading to a visit to the police bureau.
- Chapter 19, item 3: Carmichael intervenes in a sword fight between the vintner and Wallenstein, disarming Wallenstein with a hop-pole.
Relationship: Carmichael's repeated interventions to protect Gretchen, and the revelation of the vintner's true identity."
"Gretchen's life undergoes a series of transformative events, from the discovery of her exceptional singing talent to sudden wealth, the revelation of her true identity as the duke's daughter through a burn scar, and ultimately becoming the queen of Jugendheit through marriage to the king.","Gretchen's life undergoes a series of transformative events, from the discovery of her exceptional painting talent to sudden wealth, the revelation of her true identity as the duke's daughter through a birthmark, and ultimately becoming the princess of Ehrenstein through marriage to the duke.","In Chapter 9, Gretchen's exceptional singing talent is discovered by the Herr Direktor. Chapter 10 reveals that she receives money from the duke and Hildegarde, making her wealthy. In Chapter 21, it is discovered that Gretchen has a burn scar, suggesting she is the duke's true daughter. Finally, in Chapter 23, the king announces his intention to marry Gretchen, which will make her the queen of Jugendheit. These events demonstrate the significant changes in Gretchen's life throughout the story, from a simple goose-girl to the future queen.","The corrupted fact contains several inaccuracies: Gretchen's talent is in singing, not painting; her identity is revealed through a burn scar, not a birthmark; and she becomes the queen of Jugendheit by marrying the king, not the princess of Ehrenstein by marrying the duke. These errors make the corrupted fact inconsistent with the information provided in the chapter outlines.","Chapters 9, 10, 21, 23","- Chapter 9, item 5: The Herr Direktor tests Gretchen's singing voice, revealing her exceptional talent.
- Chapter 10, item 6: Gretchen receives money from the duke and Hildegarde, making her wealthy.
- Chapter 21, item 4: Gretchen is revealed to have a burn scar, suggesting she is the duke's true daughter.
- Chapter 23, item 3: The king announces his intention to marry Gretchen, making her the queen of Jugendheit.
Relationship: Gretchen's life undergoes significant changes throughout the story."
"The vintner who writes a cryptic note about number forty Krumerweg is later revealed to be Frederick Leopold, the king of Jugendheit, as evidenced by Carmichael's confrontation and address of ""your majesty.""","The vintner who writes a cryptic note about number forty Krumerweg is later revealed to be Hans Grumbach, as evidenced by Carmichael's confrontation and address of ""your highness.""","In Chapter 12, the vintner writes a cryptic note to Carmichael about the secret of number forty Krumerweg. Chapter 15 shows Carmichael receiving a mysterious note inviting him to Krumerweg dressed as a vintner, suggesting a connection to the earlier cryptic message. Finally, in Chapter 19, Carmichael confronts the vintner in his room, addressing him as ""your majesty,"" revealing that the vintner is actually Frederick Leopold, the king of Jugendheit. This sequence of events demonstrates the gradual revelation of the vintner's true identity throughout the story.","The corrupted fact incorrectly identifies the vintner as Hans Grumbach instead of Frederick Leopold, the king of Jugendheit. Additionally, it uses the incorrect form of address ""your highness"" instead of ""your majesty."" These errors make the corrupted fact inconsistent with the information provided in the chapter outlines.","Chapters 12, 15, 19","- Chapter 12, item 6: The vintner writes a cryptic note to Carmichael about the secret of number forty Krumerweg.
- Chapter 15, item 4: Carmichael receives a mysterious note inviting him to Krumerweg dressed as a vintner.
- Chapter 19, item 7: Carmichael confronts the vintner in his room, addressing him as ""your majesty.""
Relationship: The vintner's true identity is revealed through a series of events involving cryptic messages and Carmichael's deductions."
"The locket Grumbach keeps in his trunk and later retrieves for Princess Hildegarde is connected to the revelation that Gretchen, not Hildegarde, has the identifying burn scar of the duke's true daughter.","The locket Grumbach keeps in his trunk and later retrieves for Princess Hildegarde is connected to the revelation that Hildegarde, not Gretchen, has the identifying birthmark of the duke's true daughter.","In Chapter 6, Grumbach is shown examining personal items, including a locket, from a hidden compartment in his trunk. Later, in Chapter 14, he retrieves Princess Hildegarde's fallen locket. These instances of Grumbach's interaction with lockets are connected to the revelation in Chapter 21, where it is discovered that Gretchen, not Hildegarde, has the identifying burn scar of the duke's true daughter. This suggests that the locket Grumbach kept was likely related to the switched identities of Gretchen and Hildegarde, and played a role in his suspicions and eventual revelation of the truth.","The corrupted fact incorrectly states that Hildegarde has the identifying mark of the duke's true daughter, when it is actually Gretchen who has the burn scar. Additionally, it mentions a birthmark instead of a burn scar. These errors make the corrupted fact inconsistent with the information provided in the chapter outlines.","Chapters 6, 14, 21","- Chapter 6, item 7: Grumbach examines personal items from a hidden compartment in his trunk, including a locket.
- Chapter 14, item 7: Princess Hildegarde's locket falls, and Grumbach retrieves it.
- Chapter 21, item 4: Grumbach reveals that Gretchen has the burn scar, not Princess Hildegarde, suggesting Gretchen is the duke's true daughter.
Relationship: The locket and the burn scar are connected to the revelation about the true identities of Gretchen and Hildegarde."
"The goose-girl who receives a gold coin from the old man at the Black Eagle tavern is Gretchen, who later works there as a waitress and encounters Carmichael.","The goose-girl who receives a silver coin from the old man at the Black Eagle tavern is Hildegarde, who later works there as a waitress and encounters Carmichael.","In Chapter 1, the old man gives a gold coin to the goose-girl at the Black Eagle tavern. Chapter 2 reveals that Carmichael speaks with Gretchen, learning about her background. In Chapter 4, Gretchen is shown working as a waitress at the Black Eagle tavern. This connection establishes that the goose-girl from Chapter 1 is Gretchen, who later works at the same tavern where she received the gold coin.","The old man gives a gold coin, not a silver one, and the goose-girl is Gretchen, not Hildegarde. Additionally, there's no mention of Hildegarde working as a waitress at the tavern.","Chapter 1, 2, 4","- Chapter 1, item 7: The old man parts ways with the goose-girl at the Black Eagle tavern, giving her a gold coin.
- Chapter 2, item 6: Carmichael speaks with Gretchen, learning about her background and offering his help.
- Chapter 4, item 2: Gretchen arrives at the tavern to work as a waitress for the evening.
- Relationship: Central character (Gretchen) and location (Black Eagle tavern)"
"The marriage proposal from Jugendheit, initially considered by Chancellor Herbeck, is ultimately rejected by both King Frederick and Princess Hildegarde.","The marriage proposal from Jugendheit, initially considered by Chancellor Herbeck, is ultimately accepted by both King Frederick and Princess Hildegarde.","In Chapter 3, Chancellor Herbeck writes a diplomatic note considering the marriage proposal from Jugendheit. However, in Chapter 8, Lieutenant von Radenstein delivers news that the king of Jugendheit refuses to marry Princess Hildegarde. Finally, in Chapter 10, Princess Hildegarde herself declares that she will not marry the king of Jugendheit. This sequence of events shows how the marriage proposal is considered and then rejected by both parties.","The fact is corrupted because both King Frederick and Princess Hildegarde reject the marriage proposal, not accept it.","Chapter 3, 8, 10","- Chapter 3, item 2: Herbeck writes a diplomatic note considering the marriage proposal from Jugendheit.
- Chapter 8, item 1: Lieutenant von Radenstein delivers news of the king's refusal to marry Princess Hildegarde.
- Chapter 10, item 2: Hildegarde declares she will not marry the king of Jugendheit.
- Relationship: Central plot element (marriage proposal)"
"The locket Grumbach keeps in his trunk and later retrieves for Princess Hildegarde is connected to the revelation that Gretchen, not Hildegarde, is the duke's true daughter.",The locket Grumbach keeps in his trunk and later retrieves for Princess Hildegarde confirms that Hildegarde is the duke's true daughter.,"In Chapter 6, Grumbach examines personal items including a locket from a hidden compartment in his trunk. In Chapter 14, he retrieves Princess Hildegarde's fallen locket. Later, in Chapter 21, Grumbach reveals that Gretchen has the burn scar identifying her as the duke's true daughter, not Hildegarde. The locket's presence in both Grumbach's possessions and its connection to Hildegarde suggests its significance in the revelation of the true identities of Gretchen and Hildegarde.","The locket actually leads to the revelation that Gretchen, not Hildegarde, is the duke's true daughter, making this corrupted fact incorrect.","Chapter 6, 14, 21","- Chapter 6, item 7: Grumbach examines personal items from a hidden compartment in his trunk, including small shoes, a cloak, and a locket.
- Chapter 14, item 5: Princess Hildegarde's locket falls, Grumbach retrieves it.
- Chapter 21, item 3: Grumbach reveals that Gretchen has the burn scar, not Princess Hildegarde, suggesting Gretchen is the duke's true daughter.
- Relationship: Central plot element (locket and true identity)"
"The vintner who successfully explains away a suspicious newspaper cutting at the police bureau is later revealed to be Frederick Leopold, the king of Jugendheit, as evidenced by Carmichael's confrontation and address of ""your majesty.""","The vintner who fails to explain a suspicious newspaper cutting at the police bureau is later revealed to be Frederick Leopold, the prince of Jugendheit, as evidenced by Carmichael's confrontation and address of ""your highness.""","In Chapter 4, Carmichael becomes suspicious of the vintner's true identity. In Chapter 12, the vintner is questioned by the sub-chief at the police bureau about a suspicious newspaper cutting. Later, in Chapter 19, Carmichael confronts the vintner in his room, addressing him as ""your majesty."" Finally, in Chapter 20, it is explicitly stated that Carmichael confronts King Frederick Leopold about his intentions towards Gretchen. This sequence of events reveals that the vintner who was questioned at the police bureau is actually the king of Jugendheit in disguise.","The vintner successfully explains the newspaper cutting, is revealed to be the king (not prince) of Jugendheit, and is addressed as ""your majesty"" (not ""your highness""), making this corrupted fact incorrect on multiple points.","Chapter 4, 12, 19, 20","- Chapter 4, item 4: Carmichael grows suspicious of the vintner's true identity.
- Chapter 12, item 2: The vintner is questioned by the sub-chief at the police bureau.
- Chapter 19, item 7: Carmichael confronts the vintner in his room, addressing him as ""your majesty.""
- Chapter 20, item 1: Carmichael confronts the king (Frederick Leopold) about his intentions towards Gretchen.
- Relationship: Central character (vintner/king) and plot development"
"Gretchen's life undergoes a series of transformative events, from the discovery of her exceptional singing talent to sudden wealth, the revelation of her true identity as the duke's daughter through a burn scar, and ultimately becoming the queen of Jugendheit through marriage to the king.","Gretchen's life undergoes a series of transformative events, from the discovery of her exceptional dancing talent to sudden poverty, the revelation of her true identity as the duke's niece through a birthmark, and ultimately becoming the princess of Ehrenstein through marriage to the prince.","In Chapter 9, Gretchen's exceptional singing talent is discovered by the Herr Direktor. Chapter 10 reveals that Gretchen receives an inheritance, bringing her sudden wealth. In Chapter 21, it's revealed that Gretchen has a burn scar identifying her as the duke's true daughter. Finally, in Chapter 22, the king announces his intention to marry Gretchen, making her the queen of Jugendheit. These events showcase the dramatic transformation of Gretchen's life throughout the story.","This corrupted fact incorrectly states Gretchen's talent (dancing instead of singing), her financial situation (poverty instead of wealth), her true identity (niece instead of daughter), the identifying mark (birthmark instead of burn scar), and her final status (princess of Ehrenstein instead of queen of Jugendheit).","Chapter 9, 10, 21, 22","- Chapter 9, item 5: The Herr Direktor tests Gretchen's singing voice, revealing her exceptional talent.
- Chapter 10, item 5: Gretchen brings news of Emma Schultz's death and a letter containing money.
- Chapter 21, item 3: Grumbach reveals that Gretchen has the burn scar, suggesting she is the duke's true daughter.
- Chapter 22, item 3: The king announces his intention to marry Gretchen, making her the queen of Jugendheit.
- Relationship: Central character (Gretchen) and life-changing events"
"The old man who enters the Black Eagle tavern in Chapter 1 is the same person as the mountaineer who intervenes at the tavern in Chapter 13, and is later revealed to be Herr Ludwig, the prince regent of Jugendheit.","The old man who enters the Black Eagle tavern in Chapter 1 is the same person as the mountaineer who intervenes at the tavern in Chapter 13, and is later revealed to be Chancellor Herbeck.","In Chapter 1, an old man enters the Black Eagle tavern after giving a gold coin to the goose-girl. In Chapter 13, a mountaineer intervenes at the same tavern, overpowering Colonel Von Wallenstein. Later, in Chapter 14, it is revealed that Herr Ludwig, the prince regent of Jugendheit, had been in disguise. This connection shows that the old man, mountaineer, and Herr Ludwig are the same person, tying together events at the Black Eagle tavern across multiple chapters.","The corrupted fact incorrectly identifies the disguised character as Chancellor Herbeck instead of Herr Ludwig, the prince regent of Jugendheit, which contradicts the information provided in Chapter 14.","Chapters 1, 13, 14","- Chapter 1, item 7: The old man enters the Black Eagle tavern after giving the goose-girl a gold coin.
- Chapter 4, item 4: Carmichael enters the tavern and sits with a young vintner.
- Chapter 13, item 3: A mountaineer intervenes at the tavern, overpowering Colonel Von Wallenstein.
- Chapter 14, item 2: Herr Ludwig (the prince regent) reveals his identity to the clock-mender.
Relationship: The old man, mountaineer, and Herr Ludwig are the same person, connecting events at the Black Eagle tavern."
"Carmichael intervenes twice to protect Gretchen from Colonel von Wallenstein's advances, first indirectly in the public gardens and later directly in a sword fight, where the vintner, who is actually the king of Jugendheit in disguise, is also involved.","Carmichael intervenes twice to protect Gretchen from Colonel von Wallenstein's advances, first directly in the public gardens and later indirectly in a sword fight, where the vintner, who is actually the duke of Ehrenstein in disguise, is also involved.","In Chapter 2, Carmichael indirectly helps Gretchen escape Colonel von Wallenstein's unwanted advances in the public gardens. Later, in Chapter 19, Carmichael directly intervenes in a sword fight when Colonel von Wallenstein forcibly kisses Gretchen in the presence of the vintner (who is later revealed to be the king of Jugendheit). This fact demonstrates a pattern of Colonel von Wallenstein's behavior and Carmichael's protective actions towards Gretchen across multiple chapters.","The corrupted fact incorrectly states that Carmichael's first intervention was direct and the second was indirect, which is the opposite of what happened. It also misidentifies the vintner as the duke of Ehrenstein instead of the king of Jugendheit, contradicting the information provided in the chapter outlines.","Chapters 2, 19","- Chapter 2, item 5: Carmichael intervenes indirectly to help Gretchen escape Colonel von Wallenstein's unwanted advances.
- Chapter 13, item 1-3: Colonel Von Wallenstein attempts to kiss Gretchen against her will, and a mountaineer intervenes.
- Chapter 19, item 2-3: Colonel von Wallenstein confronts Gretchen and the vintner, forcibly kissing Gretchen, and Carmichael intervenes in the ensuing sword fight.
Relationship: Multiple instances of Colonel von Wallenstein's unwanted advances towards Gretchen and interventions by other characters."
"Gretchen's life undergoes a series of transformative events, from the discovery of her exceptional singing talent to sudden wealth, the revelation of her true identity as the duke's daughter through a burn scar, and ultimately becoming the queen of Jugendheit through marriage to the king.","Gretchen's life undergoes a series of transformative events, from the discovery of her exceptional painting talent to sudden poverty, the revelation of her true identity as the chancellor's daughter through a birthmark, and ultimately becoming the duchess of Ehrenstein through marriage to the duke.","In Chapter 9, Gretchen's exceptional singing talent is discovered by the Herr Direktor. Chapter 10 reveals that Gretchen receives an inheritance, making her wealthy. In Chapter 21, it is discovered that Gretchen has a burn scar on her arm, revealing her as the duke's true daughter. Finally, in Chapter 23, the king announces his intention to marry Gretchen, making her the queen of Jugendheit. These events represent significant changes in Gretchen's life circumstances and social status throughout the story.","The corrupted fact incorrectly states Gretchen's talent as painting instead of singing, mentions sudden poverty instead of wealth, misidentifies her as the chancellor's daughter instead of the duke's, and incorrectly states she becomes the duchess of Ehrenstein instead of the queen of Jugendheit. These details contradict the information provided in the chapter outlines.","Chapters 9, 10, 21, 23","- Chapter 9, item 5-6: The Herr Direktor tests Gretchen's singing voice, revealing her exceptional talent, and offers to teach her.
- Chapter 10, item 5-6: Gretchen receives an inheritance, making her wealthy.
- Chapter 21, item 4-5: Gretchen is revealed to be the duke's true daughter through a burn scar on her arm.
- Chapter 23, item 3: The king announces his intention to marry Gretchen, making her the queen of Jugendheit.
Relationship: Series of transformative events in Gretchen's life."
"The vintner who writes a cryptic note about number forty Krumerweg is later revealed to be Frederick Leopold, the king of Jugendheit, as evidenced by Carmichael's confrontation and address of ""your majesty.""","The vintner who writes a cryptic note about number forty Krumerweg is later revealed to be Prince Ludwig, the prince regent of Jugendheit, as evidenced by Carmichael's confrontation and address of ""your highness.""","In Chapter 12, the vintner writes a cryptic note about number forty Krumerweg. Chapter 15 mentions Carmichael receiving a mysterious note related to Krumerweg. In Chapter 19, Carmichael confronts the vintner in his room, addressing him as ""your majesty."" Finally, in Chapter 20, it is explicitly stated that Carmichael confronts King Frederick Leopold about his intentions towards Gretchen. This sequence of events reveals that the vintner is actually the king of Jugendheit in disguise.","The corrupted fact incorrectly identifies the vintner as Prince Ludwig, the prince regent, instead of Frederick Leopold, the king of Jugendheit. It also changes the form of address from ""your majesty"" to ""your highness,"" which contradicts the information provided in the chapter outlines.","Chapters 12, 15, 19, 20","- Chapter 12, item 3: The vintner writes a cryptic note about number forty Krumerweg.
- Chapter 15, item 4: Carmichael receives a mysterious note inviting him to Krumerweg dressed as a vintner.
- Chapter 19, item 7: Carmichael confronts the vintner in his room, addressing him as ""your majesty.""
- Chapter 20, item 1-2: Carmichael confronts the king (Frederick Leopold) about his intentions towards Gretchen.
Relationship: The vintner's true identity as the king of Jugendheit is revealed through a series of events."
"The locket Grumbach keeps in his trunk and later retrieves for Princess Hildegarde is connected to the revelation that Gretchen, not Hildegarde, has the identifying burn scar of the duke's true daughter.","The locket Grumbach keeps in his trunk and later retrieves for Princess Hildegarde is connected to the revelation that Hildegarde, not Gretchen, has the identifying birthmark of the duke's true daughter.","In Chapter 6, Grumbach examines a locket from a hidden compartment in his trunk. In Chapter 14, he retrieves Princess Hildegarde's fallen locket. Chapter 21 reveals that Grumbach notices a distinctive scar on Gretchen's arm, causing him distress. Later in the same chapter, the duke examines both Hildegarde and Gretchen's arms for an identifying burn scar. This sequence of events connects the locket to the revelation of Gretchen's true identity as the duke's daughter, as evidenced by the burn scar.","The corrupted fact incorrectly states that Hildegarde has the identifying mark instead of Gretchen, and changes the burn scar to a birthmark. These details contradict the information provided in the chapter outlines, particularly the events described in Chapter 21.","Chapters 6, 14, 21","- Chapter 6, item 7: Grumbach examines personal items from a hidden compartment in his trunk, including a locket.
- Chapter 14, item 7: Princess Hildegarde's locket falls, and Grumbach retrieves it.
- Chapter 21, item 3-4: Grumbach notices a distinctive scar on Gretchen's arm while she kneads bread, causing him great distress.
- Chapter 21, item 5: The duke summons Princess Hildegarde and Gretchen to examine their arms for an identifying burn scar.
Relationship: The locket and the burn scar are connected to the revelation of Gretchen's true identity."
"The goose-girl who receives a gold coin from the old man at the Black Eagle tavern is Gretchen, who later works there as a waitress.","The goose-girl who receives a gold coin from the old man at the Black Eagle tavern is Princess Hildegarde, who later works there as a waitress.","In Chapter 1, an old man gives a gold coin to a goose-girl at the Black Eagle tavern. Later, in Chapter 4, Gretchen is introduced as a waitress at the same tavern. This connection reveals that the goose-girl from Chapter 1 is Gretchen, showing her character development and the significance of the Black Eagle tavern in her story.","The outline never mentions Princess Hildegarde working as a waitress at the Black Eagle tavern, making this corrupted fact incorrect.","Chapter 1, 4","- Chapter 1, item 7: The old man parts ways with the goose-girl at the Black Eagle tavern, giving her a gold coin.
- Chapter 4, item 2: Gretchen arrives at the tavern to work as a waitress for the evening.
- Relationship: Character development and location"
"The marriage proposal from Jugendheit, initially considered by Chancellor Herbeck, is ultimately rejected by both King Frederick and Princess Hildegarde.","The marriage proposal from Jugendheit, initially considered by Chancellor Herbeck, is ultimately accepted by both King Frederick and Princess Hildegarde.","In Chapter 3, Chancellor Herbeck writes a diplomatic note considering the marriage proposal from Jugendheit. However, in Chapter 8, Princess Hildegarde expresses relief at not having to marry King Frederick. This progression shows that the initially considered marriage proposal is ultimately rejected by both parties involved.","The outline clearly states that Princess Hildegarde is relieved not to marry King Frederick, contradicting the corrupted fact's claim of acceptance.","Chapter 3, 8","- Chapter 3, item 2: Herbeck writes a diplomatic note considering the marriage proposal from Jugendheit.
- Chapter 8, item 2: Princess Hildegarde expresses relief at not having to marry King Frederick.
- Relationship: Development of the marriage proposal plot"
"The locket Grumbach keeps in his trunk and later retrieves for Princess Hildegarde is connected to the revelation that Gretchen, not Hildegarde, is the duke's true daughter.","The locket Grumbach keeps in his trunk and later retrieves for Princess Hildegarde is connected to the revelation that Hildegarde, not Gretchen, is the duke's true daughter.","In Chapter 6, Grumbach examines a locket from a hidden compartment in his trunk. In Chapter 14, he retrieves Princess Hildegarde's fallen locket. Later, in Chapter 21, Grumbach reveals that Gretchen has the burn scar identifying her as the duke's true daughter, not Hildegarde. The locket's presence throughout these events suggests its significance in the revelation of true identities.","The outline clearly states that Gretchen has the identifying burn scar, not Hildegarde, making this corrupted fact incorrect.","Chapter 6, 14, 21","- Chapter 6, item 7: Grumbach examines personal items from a hidden compartment in his trunk, including small shoes, a cloak, and a locket.
- Chapter 14, item 6: Princess Hildegarde's locket falls, Grumbach retrieves it.
- Chapter 21, item 4: Grumbach reveals that Gretchen has the burn scar, not Princess Hildegarde, suggesting Gretchen is the duke's true daughter.
- Relationship: The locket as a key element in revealing true identities"
"The vintner who writes a cryptic note about number forty Krumerweg is later revealed to be Frederick Leopold, the king of Jugendheit, as evidenced by Carmichael's confrontation and address of ""your majesty.""","The vintner who writes a cryptic note about number forty Krumerweg is later revealed to be Prince Ludwig, the prince regent of Jugendheit, as evidenced by Carmichael's confrontation and address of ""your majesty.""","In Chapter 12, the vintner writes a cryptic note about number forty Krumerweg. In Chapter 15, Carmichael confronts the vintner, addressing him as ""your majesty."" This is further confirmed in Chapter 19, where Carmichael confronts the king (Frederick Leopold) about his intentions towards Gretchen. These events reveal that the vintner is actually the king of Jugendheit in disguise.","The outline clearly identifies the vintner as Frederick Leopold, the king of Jugendheit, not Prince Ludwig, making this corrupted fact incorrect.","Chapter 12, 15, 19","- Chapter 12, item 6: The vintner writes a cryptic note to Carmichael about the secret of number forty Krumerweg before going to bed.
- Chapter 15, item 7: Carmichael confronts the vintner in his room, addressing him as ""your majesty.""
- Chapter 19, item 2: The king (Frederick Leopold) is confronted by Carmichael about his intentions towards Gretchen in a hotel room.
- Relationship: The vintner's true identity revealed"
"Gretchen's life undergoes a series of transformative events, from the discovery of her exceptional singing talent to sudden wealth, the revelation of her true identity as the duke's daughter through a burn scar, and ultimately becoming the queen of Jugendheit through marriage to the king.","Gretchen's life undergoes a series of transformative events, from the discovery of her exceptional painting talent to sudden poverty, the revelation of her true identity as the duke's niece through a birthmark, and ultimately becoming the princess of Ehrenstein through marriage to the prince.","In Chapter 9, Gretchen's exceptional singing talent is discovered. Chapter 10 reveals she receives an inheritance, making her wealthy. In Chapter 21, it's revealed that Gretchen has the burn scar identifying her as the duke's true daughter. Finally, in Chapter 22, the king announces his intention to marry Gretchen, making her the queen of Jugendheit. These events show the dramatic transformation of Gretchen's life throughout the story.","This corrupted fact contradicts multiple points in the outline, including Gretchen's singing talent (not painting), her wealth (not poverty), her identity as the duke's daughter (not niece), and her becoming queen of Jugendheit (not princess of Ehrenstein).","Chapter 9, 10, 21, 22","- Chapter 9, item 5: The Herr Direktor tests Gretchen's singing voice, revealing her exceptional talent.
- Chapter 10, item 6: Gretchen receives an inheritance, making her wealthy.
- Chapter 21, item 4: Grumbach reveals that Gretchen has the burn scar, not Princess Hildegarde, suggesting Gretchen is the duke's true daughter.
- Chapter 22, item 4: The king announces his intention to marry Gretchen, making her the queen of Jugendheit.
- Relationship: Gretchen's life transformation"
"The old man who enters the Black Eagle tavern in Chapter 1 is the same person as the mountaineer who intervenes at the tavern in Chapter 13, and is later revealed to be Herr Ludwig, the prince regent of Jugendheit.","The old man who enters the Black Eagle tavern in Chapter 1 is the same person as the mountaineer who intervenes at the tavern in Chapter 13, and is later revealed to be Chancellor Herbeck.","In Chapter 1, an old man enters the Black Eagle tavern. In Chapter 13, a mountaineer intervenes at the same tavern, physically overpowering Colonel Von Wallenstein. Later, in Chapter 14, Herr Ludwig reveals himself to be the prince regent of Jugendheit. This connection shows that these three characters are actually the same person in different disguises, demonstrating the prince regent's involvement throughout the story.","The character is revealed to be Herr Ludwig, the prince regent of Jugendheit, not Chancellor Herbeck, making this corrupted fact incorrect.","Chapters 1, 13, 14","- Chapter 1, item 7: The old man enters the Black Eagle tavern.
- Chapter 13, item 3: A mountaineer intervenes at the tavern, physically overpowering the colonel.
- Chapter 14, item 2: Herr Ludwig reveals himself to be the prince regent of Jugendheit.
- Relationship: Identity revelation and character development"
"Carmichael intervenes twice to protect Gretchen from Colonel von Wallenstein's advances, first indirectly in the public gardens and later directly in a sword fight, where the vintner, who is actually the king of Jugendheit in disguise, is also involved.","Carmichael intervenes twice to protect Gretchen from Colonel von Wallenstein's advances, first directly in the public gardens and later indirectly in a sword fight, where the vintner, who is actually the duke of Ehrenstein in disguise, is also involved.","In Chapter 2, Carmichael indirectly helps Gretchen escape Colonel von Wallenstein's unwanted advances in the public gardens. Later, in Chapter 19, Carmichael directly intervenes in a sword fight between the vintner (who is revealed to be the king of Jugendheit) and Wallenstein, disarming the colonel with a hop-pole. This fact demonstrates Carmichael's consistent protective behavior towards Gretchen and reveals the true identity of the vintner.","The order of interventions is reversed, and the vintner is revealed to be the king of Jugendheit, not the duke of Ehrenstein, making this corrupted fact incorrect.","Chapters 2, 19","- Chapter 2, item 5: Carmichael intervenes indirectly to help Gretchen escape Colonel von Wallenstein's unwanted advances.
- Chapter 19, item 3: Carmichael intervenes in a sword fight between the vintner and Wallenstein, disarming Wallenstein with a hop-pole.
- Relationship: Recurring intervention and character development"
"The locket Grumbach keeps in his trunk and later retrieves for Princess Hildegarde is connected to the revelation that Gretchen, not Hildegarde, has the identifying burn scar of the duke's true daughter.","The locket Grumbach keeps in his trunk and later retrieves for Princess Hildegarde is connected to the revelation that Hildegarde, not Gretchen, has the identifying burn scar of the duke's true daughter.","In Chapter 6, Grumbach examines personal items, including a locket, from a hidden compartment in his trunk. In Chapter 14, he retrieves Princess Hildegarde's fallen locket. Later, in Chapter 21, Grumbach reveals evidence suggesting Princess Hildegarde may not be the duke's daughter. This connection shows that the locket Grumbach kept was likely related to the duke's true daughter, and its significance is revealed when it's discovered that Gretchen, not Hildegarde, has the identifying burn scar.","The revelation shows that Gretchen, not Hildegarde, has the identifying burn scar, making this corrupted fact incorrect.","Chapters 6, 14, 21","- Chapter 6, item 7: Grumbach examines personal items from a hidden compartment in his trunk, including a locket.
- Chapter 14, item 7: Princess Hildegarde's locket falls, and Grumbach retrieves it.
- Chapter 21, item 4: Grumbach reveals evidence suggesting Princess Hildegarde may not be the duke's daughter.
- Relationship: The locket as a key piece of evidence"
"Gretchen's life undergoes a series of transformative events, from the discovery of her exceptional singing talent to sudden wealth, the revelation of her true identity as the duke's daughter through a burn scar, and ultimately becoming the queen of Jugendheit through marriage to the king.","Gretchen's life undergoes a series of transformative events, from the discovery of her exceptional painting talent to sudden poverty, the revelation of her true identity as the duke's niece through a birthmark, and ultimately becoming the queen of Ehrenstein through marriage to the duke.","In Chapter 9, Gretchen's exceptional singing talent is discovered. Chapter 10 reveals that she receives an inheritance, making her wealthy. In Chapter 21, evidence suggests that Princess Hildegarde may not be the duke's daughter, implying Gretchen's true identity. Finally, in Chapter 22, the duke recognizes Gretchen as his daughter, and the king announces his intention to marry her, making her the future queen of Jugendheit. This fact demonstrates the dramatic changes in Gretchen's life throughout the story.","The details of Gretchen's transformation are incorrect in this corrupted fact, including her talent, financial status, relationship to the duke, and her ultimate position.","Chapters 9, 10, 21, 22","- Chapter 9, item 5: The Herr Direktor tests Gretchen's singing voice, revealing her exceptional talent.
- Chapter 10, item 6: Gretchen receives an inheritance, making her wealthy.
- Chapter 21, item 4: Grumbach reveals evidence suggesting Princess Hildegarde may not be the duke's daughter.
- Chapter 22, item 4: The duke recognizes Gretchen as his daughter, and the king announces his intention to marry her.
- Relationship: Gretchen's life transformation"
"The vintner who writes a cryptic note about number forty Krumerweg is later revealed to be Frederick Leopold, the king of Jugendheit, as evidenced by Carmichael's confrontation and address of ""your majesty.""","The vintner who writes a cryptic note about number forty Krumerweg is later revealed to be Prince Ludwig, the prince regent of Jugendheit, as evidenced by Carmichael's confrontation and address of ""your highness.""","In Chapter 12, the vintner writes a cryptic note about number forty Krumerweg. Later, in Chapter 19, Carmichael confronts the vintner in his room, addressing him as ""your majesty."" This revelation is confirmed in Chapter 20 when Carmichael confronts the king (Frederick Leopold) about his intentions towards Gretchen. This fact demonstrates that the vintner's true identity is that of the king of Jugendheit, who has been in disguise throughout much of the story.","The vintner is revealed to be Frederick Leopold, the king of Jugendheit, not Prince Ludwig, and Carmichael addresses him as ""your majesty,"" not ""your highness,"" making this corrupted fact incorrect.","Chapters 12, 19, 20","- Chapter 12, item 6: The vintner writes a cryptic note about number forty Krumerweg.
- Chapter 19, item 7: Carmichael confronts the vintner in his room, addressing him as ""your majesty.""
- Chapter 20, item 1: Carmichael confronts the king (Frederick Leopold) about his intentions towards Gretchen.
- Relationship: The vintner's true identity"
"The goose-girl who receives a gold coin from the old man at the Black Eagle tavern is Gretchen, who later works there as a waitress.","The goose-girl who receives a silver coin from the old man at the Black Eagle tavern is Gretchen, who later works there as a bartender.","In Chapter 1, an old man gives a gold coin to a goose-girl at the Black Eagle tavern. Later, in Chapter 4, Gretchen is introduced as a waitress at the same tavern. This connection suggests that Gretchen is the same person as the goose-girl from Chapter 1, showing her progression from a chance encounter to employment at the tavern.","The old man gives a gold coin, not a silver one, and Gretchen works as a waitress, not a bartender, making this corrupted fact incorrect.","Chapter 1, 4","- Chapter 1, item 7: The old man parts ways with the goose-girl at the Black Eagle tavern, giving her a gold coin before entering.
- Chapter 4, item 2: Gretchen arrives at the tavern to work as a waitress for the evening.
- Relationship: Character identity and location"
"The marriage proposal from Jugendheit, initially considered by Chancellor Herbeck, is ultimately rejected by King Frederick of Jugendheit.","The marriage proposal from Jugendheit, initially rejected by Chancellor Herbeck, is ultimately accepted by King Frederick of Jugendheit.","In Chapter 3, Chancellor Herbeck writes a diplomatic note considering the marriage proposal from Jugendheit. However, in Chapter 8, we learn that King Frederick of Jugendheit has refused the marriage, as evidenced by the letter read by Lieutenant von Radenstein. This sequence of events shows the progression from consideration to rejection of the marriage proposal.","The facts are reversed in this corrupted version. Herbeck initially considered the proposal, and King Frederick ultimately rejected it, not the other way around.","Chapter 3, 8","- Chapter 3, item 2: Herbeck writes a diplomatic note considering the marriage proposal from Jugendheit and dispatches it via courier.
- Chapter 8, item 2: Lieutenant von Radenstein reads a letter from King Frederick to Baron von Steinbock, explaining his reasons for refusing the marriage.
- Relationship: Diplomatic correspondence and decision-making"
"The locket Grumbach keeps in his trunk and later retrieves for Princess Hildegarde is connected to the revelation that Gretchen, not Hildegarde, has the identifying burn scar of the duke's true daughter.","The locket Grumbach keeps in his trunk and later retrieves for Princess Hildegarde is connected to the revelation that Hildegarde, not Gretchen, has the identifying burn scar of the duke's true daughter.","In Chapter 6, Grumbach is shown examining a locket from a hidden compartment in his trunk. Later, in Chapter 14, he retrieves a fallen locket for Princess Hildegarde. Finally, in Chapter 21, it's revealed that Gretchen has the burn scar identifying her as the duke's true daughter, not Hildegarde. The locket serves as a connecting object throughout these events, suggesting its significance in the revelation of true identities.","This corrupted fact incorrectly states that Hildegarde has the identifying burn scar, when in fact it's Gretchen who has the scar, making her the duke's true daughter.","Chapter 6, 14, 21","- Chapter 6, item 7: Grumbach examines personal items from a hidden compartment in his trunk, including small shoes, a cloak, and a locket.
- Chapter 14, item 6: Princess Hildegarde's locket falls, Grumbach retrieves it.
- Chapter 21, item 4: Grumbach reveals that Gretchen has the burn scar, not Princess Hildegarde, suggesting Gretchen is the duke's true daughter.
- Relationship: The locket as a connecting object in the revelation of true identities"
"The vintner who writes a cryptic note about number forty Krumerweg is later revealed to be Frederick Leopold, the king of Jugendheit, as evidenced by Carmichael's confrontation and address of ""your majesty.""","The vintner who writes a cryptic note about number forty Krumerweg is later revealed to be Prince Ludwig, the prince regent of Jugendheit, as evidenced by Carmichael's confrontation and address of ""your highness.""","In Chapter 12, the vintner writes a cryptic note to Carmichael about number forty Krumerweg. Later, in Chapter 19, Carmichael confronts the vintner in his room, addressing him as ""your majesty."" This revelation is confirmed in Chapter 20 when Carmichael confronts King Frederick Leopold about his intentions towards Gretchen. These events connect the vintner's identity to that of the king of Jugendheit.","This corrupted fact incorrectly identifies the vintner as Prince Ludwig instead of King Frederick Leopold, and uses the wrong form of address (""your highness"" instead of ""your majesty"").","Chapter 12, 19, 20","- Chapter 12, item 3: The vintner writes a cryptic note to Carmichael about the secret of number forty Krumerweg before going to bed.
- Chapter 19, item 7: Carmichael confronts the vintner in his room, addressing him as ""your majesty.""
- Chapter 20, item 1: Carmichael confronts the king (Frederick Leopold) about his intentions towards Gretchen in a hotel room.
- Relationship: The vintner's true identity as the king of Jugendheit"
"Gretchen's life undergoes a series of transformative events, from the discovery of her exceptional singing talent to sudden wealth, the revelation of her true identity as the duke's daughter through a burn scar, and ultimately becoming the queen of Jugendheit through marriage to the king.","Gretchen's life undergoes a series of transformative events, from the discovery of her exceptional dancing talent to sudden poverty, the revelation of her true identity as the duke's niece through a birthmark, and ultimately becoming the princess of Ehrenstein through adoption.","In Chapter 9, Gretchen's exceptional singing talent is discovered. Chapter 10 reveals her sudden acquisition of wealth through an inheritance. In Chapter 21, it's revealed that Gretchen has the burn scar identifying her as the duke's true daughter. Finally, in Chapter 22, the duke recognizes Gretchen as his daughter, and the king announces his intention to marry her, making her the future queen of Jugendheit. These events collectively demonstrate the dramatic transformation of Gretchen's life throughout the story.","This corrupted fact incorrectly states Gretchen's talent as dancing instead of singing, mentions poverty instead of wealth, identifies her as the duke's niece instead of daughter, mentions a birthmark instead of a burn scar, and states she becomes a princess of Ehrenstein through adoption rather than the queen of Jugendheit through marriage.","Chapter 9, 10, 21, 22","- Chapter 9, item 5: At the princess's request, the Herr Direktor tests Gretchen's singing voice, revealing her exceptional talent.
- Chapter 10, item 6: The letter contains money for Gretchen, which the duke and Hildegarde supplement, making Gretchen wealthy.
- Chapter 21, item 4: Grumbach reveals that Gretchen has the burn scar, not Princess Hildegarde, suggesting Gretchen is the duke's true daughter.
- Chapter 22, item 4: The duke recognizes Gretchen as his daughter, and the king announces his intention to marry her, making her the queen of Jugendheit.
- Relationship: Gretchen's life transformation"
"The goose-girl who receives a gold coin from the old man at the Black Eagle tavern is Gretchen, who later works there as a waitress and encounters Carmichael.","The goose-girl who receives a silver coin from the old man at the Black Eagle tavern is Hildegarde, who later works there as a waitress and encounters Carmichael.","In Chapter 1, an old man gives a gold coin to a goose-girl at the Black Eagle tavern. In Chapter 2, Carmichael speaks with Gretchen, learning about her background. Later, in Chapter 4, Carmichael enters the tavern and notices Gretchen working there as a waitress. This connection reveals that the goose-girl from Chapter 1 is Gretchen, who later works at the tavern.","The coin given was gold, not silver, and the goose-girl is Gretchen, not Hildegarde, making this corrupted fact incorrect.","Chapters 1, 2, 4","- Chapter 1, item 7: The old man parts ways with the goose-girl at the Black Eagle tavern, giving her a gold coin.
- Chapter 2, item 6: Carmichael speaks with Gretchen, learning about her background and offering his help.
- Chapter 4, item 3: Carmichael enters the tavern, notices Gretchen, and sits at a table with a young vintner.
- Relationship: Central character (Gretchen) and location (Black Eagle tavern)"
"The marriage proposal from Jugendheit, initially considered by Chancellor Herbeck, is ultimately rejected by King Frederick of Jugendheit.","The marriage proposal from Jugendheit, initially considered by Chancellor Herbeck, is ultimately accepted by King Frederick of Jugendheit.","In Chapter 3, Chancellor Herbeck writes a diplomatic note considering the marriage proposal from Jugendheit. However, in Chapter 8, Lieutenant von Radenstein delivers news to Baron von Steinbock that King Frederick has refused to marry Princess Hildegarde. This sequence of events shows the progression from the initial consideration of the proposal to its ultimate rejection by the king of Jugendheit.","The proposal is rejected, not accepted, by King Frederick, making this corrupted fact incorrect.","Chapters 3, 8","- Chapter 3, item 2: Herbeck writes a diplomatic note considering the marriage proposal from Jugendheit and dispatches it via courier.
- Chapter 8, item 1: A disguised Lieutenant von Radenstein visits Baron von Steinbock at the Jugendheit embassy in Dreiberg, delivering news of the king's refusal to marry Princess Hildegarde.
- Relationship: Cause and effect (marriage proposal and refusal)"
"The locket Grumbach keeps in his trunk and later retrieves for Princess Hildegarde is connected to the revelation that Gretchen, not Hildegarde, has the identifying burn scar of the duke's true daughter.","The locket Grumbach keeps in his trunk and later retrieves for Princess Hildegarde is connected to the revelation that Hildegarde, not Gretchen, has the identifying burn scar of the duke's true daughter.","In Chapter 6, Grumbach examines a locket from a hidden compartment in his trunk. In Chapter 14, he retrieves Princess Hildegarde's fallen locket. Later, in Chapter 21, the duke examines Hildegarde and Gretchen's arms for an identifying burn scar, which is found on Gretchen. This sequence of events suggests that the locket Grumbach kept was related to the true identity of the duke's daughter, which is revealed to be Gretchen, not Hildegarde.","The burn scar is found on Gretchen, not Hildegarde, making this corrupted fact incorrect.","Chapters 6, 14, 21","- Chapter 6, item 7: In his hotel room, Grumbach examines personal items from a hidden compartment in his trunk, including small shoes, a cloak, and a locket.
- Chapter 14, item 6: Princess Hildegarde's locket falls, Grumbach retrieves it, and she departs with Carmichael towards the city.
- Chapter 21, item 4: The duke summons Princess Hildegarde and Gretchen to his chambers to examine their arms for a identifying burn scar.
- Relationship: Central object (locket) and revelation"
"The vintner who writes a cryptic note about number forty Krumerweg is later revealed to be Frederick Leopold, the king of Jugendheit, as evidenced by Carmichael's confrontation and address of ""your majesty.""","The vintner who writes a cryptic note about number forty Krumerweg is later revealed to be Prince Ludwig, the prince regent of Jugendheit, as evidenced by Carmichael's confrontation and address of ""your highness.""","In Chapter 12, the vintner writes a cryptic note to Carmichael about the secret of number forty Krumerweg. In Chapter 15, Carmichael receives a mysterious note inviting him to Krumerweg dressed as a vintner. Finally, in Chapter 19, Carmichael confronts the vintner in his room, addressing him as ""your majesty."" This sequence of events reveals that the vintner is actually Frederick Leopold, the king of Jugendheit, in disguise.","The vintner is revealed to be King Frederick Leopold, not Prince Ludwig, and Carmichael addresses him as ""your majesty,"" not ""your highness,"" making this corrupted fact incorrect.","Chapters 12, 15, 19","- Chapter 12, item 6: The vintner writes a cryptic note to Carmichael about the secret of number forty Krumerweg before going to bed.
- Chapter 15, item 4: Carmichael receives a mysterious note inviting him to Krumerweg dressed as a vintner.
- Chapter 19, item 7: Carmichael confronts the vintner in his room, addressing him as ""your majesty.""
- Relationship: Central character (vintner/king) and revelation"
"Gretchen's life undergoes a series of transformative events, from the discovery of her exceptional singing talent to sudden wealth, the revelation of her true identity as the duke's daughter through a burn scar, and ultimately becoming the queen of Jugendheit through marriage to the king.","Gretchen's life undergoes a series of transformative events, from the discovery of her exceptional painting talent to sudden poverty, the revelation of her true identity as the chancellor's daughter through a birthmark, and ultimately becoming the queen of Ehrenstein through marriage to the duke.","In Chapter 9, Gretchen's exceptional singing talent is discovered. Chapter 10 reveals that Gretchen becomes wealthy through an inheritance and supplemental money from the duke and Hildegarde. In Chapter 21, a burn scar on Gretchen's arm identifies her as the duke's true daughter. Finally, in Chapter 22, the duke recognizes Gretchen as his daughter, and the king announces his intention to marry her, making her the queen of Jugendheit. These events showcase the dramatic transformation of Gretchen's life throughout the story.","Gretchen's talent is in singing, not painting; she becomes wealthy, not poor; she is revealed to be the duke's daughter, not the chancellor's; and she becomes queen of Jugendheit by marrying the king, not queen of Ehrenstein by marrying the duke. These discrepancies make the corrupted fact incorrect.","Chapters 9, 10, 21, 22","- Chapter 9, item 5: At the princess's request, the Herr Direktor tests Gretchen's singing voice, revealing her exceptional talent.
- Chapter 10, item 6: The letter contains money for Gretchen, which the duke and Hildegarde supplement, making Gretchen wealthy.
- Chapter 21, item 4: The duke summons Princess Hildegarde and Gretchen to his chambers to examine their arms for a identifying burn scar.
- Chapter 22, item 3: The duke recognizes Gretchen as his daughter, and the king announces his intention to marry her, making her the queen of Jugendheit.
- Relationship: Central character (Gretchen) and life-changing events"
"The goose-girl who receives a gold coin from the old man at the Black Eagle tavern is Gretchen, who later works there as a waitress and delivers coffee to a sick woman in her building.","The goose-girl who receives a gold coin from the old man at the Black Eagle tavern is Hildegarde, who later works there as a waitress and delivers coffee to a sick woman in her building.","In Chapter 1, an old man gives a gold coin to a goose-girl at the Black Eagle tavern. In Chapter 4, we learn that Gretchen works as a waitress at the same tavern. Later, in Chapter 9, Gretchen is shown delivering coffee to a sick woman, demonstrating her caring nature. This connection reveals that the goose-girl from Chapter 1 is Gretchen, and shows her progression from a goose-girl to a waitress and a caring community member.","The corrupted fact incorrectly identifies the goose-girl as Hildegarde instead of Gretchen, which contradicts the information provided in the chapter outlines.","Chapter 1, 4, 9","- Chapter 1, item 7: The old man parts ways with the goose-girl at the Black Eagle tavern, giving her a gold coin.
- Chapter 4, item 2: Gretchen arrives at the tavern to work as a waitress for the evening.
- Chapter 9, item 1: Gretchen delivers coffee to a sick woman in her building.
- Relationship: Character development and connection (Gretchen)"
"The marriage proposal from Jugendheit, initially discussed between the Duke and Princess Hildegarde, is ultimately rejected by both King Frederick of Jugendheit and Princess Hildegarde herself.","The marriage proposal from Jugendheit, initially discussed between the Duke and Princess Hildegarde, is ultimately accepted by both King Frederick of Jugendheit and Princess Hildegarde herself.","In Chapter 3, the Duke informs Princess Hildegarde about the marriage proposal from Jugendheit. Later, in Chapter 8, we learn that King Frederick has refused the marriage. Finally, in Chapter 10, Princess Hildegarde herself declares that she will not marry the king of Jugendheit. This sequence of events shows the progression and ultimate failure of the marriage proposal from both sides.","The corrupted fact states that the marriage proposal was accepted, which directly contradicts the information provided in the chapter outlines where both parties reject the proposal.","Chapter 3, 8, 10","- Chapter 3, item 3: The Duke informs Princess Hildegarde about the marriage proposal in the music room of the palace.
- Chapter 8, item 3: Baron von Steinbock visits Chancellor Herbeck to discuss the king's refusal and potential consequences.
- Chapter 10, item 2: Hildegarde declares she will not marry the king of Jugendheit.
- Relationship: Development of the marriage proposal plot"
"The locket Grumbach keeps in his trunk and later retrieves for Princess Hildegarde is connected to the revelation that Gretchen, not Hildegarde, has the identifying burn scar of the duke's true daughter.","The locket Grumbach keeps in his trunk and later retrieves for Princess Hildegarde is connected to the revelation that Hildegarde, not Gretchen, has the identifying burn scar of the duke's true daughter.","In Chapter 6, Grumbach is shown examining personal items, including a locket, from a hidden compartment in his trunk. In Chapter 14, he retrieves Princess Hildegarde's fallen locket. Later, in Chapter 21, Grumbach reveals that Gretchen has the burn scar identifying her as the duke's true daughter, not Hildegarde. The presence of the locket in both Grumbach's possession and its connection to Hildegarde suggests that it plays a role in the revelation of the true identities of the girls.","The corrupted fact incorrectly states that Hildegarde has the identifying burn scar, when the chapter outline clearly states that Gretchen is the one with the scar, indicating she is the duke's true daughter.","Chapter 6, 14, 21","- Chapter 6, item 7: Grumbach examines personal items from a hidden compartment in his trunk, including small shoes, a cloak, and a locket.
- Chapter 14, item 7: Princess Hildegarde's locket falls, Grumbach retrieves it.
- Chapter 21, item 4: Grumbach reveals that Gretchen has the burn scar, not Princess Hildegarde, suggesting Gretchen is the duke's true daughter.
- Relationship: Connection between the locket and the revelation of true identities"
"The vintner who writes a cryptic note about number forty Krumerweg is later revealed to be Frederick Leopold, the king of Jugendheit, as evidenced by Carmichael's confrontation and address of ""your majesty.""","The vintner who writes a cryptic note about number forty Krumerweg is later revealed to be Prince Ludwig, the prince regent of Jugendheit, as evidenced by Carmichael's confrontation and address of ""your highness.""","In Chapter 4, Carmichael becomes suspicious of the vintner's true identity. In Chapter 12, the vintner writes a cryptic note to Carmichael about the secret of number forty Krumerweg. Finally, in Chapter 19, Carmichael confronts the vintner in his room, addressing him as ""your majesty,"" revealing that the vintner is actually Frederick Leopold, the king of Jugendheit. This sequence of events shows the gradual revelation of the vintner's true identity.","The corrupted fact incorrectly identifies the vintner as Prince Ludwig and uses the wrong form of address (""your highness"" instead of ""your majesty""), which contradicts the information provided in the chapter outlines.","Chapter 4, 12, 19","- Chapter 4, item 4: Carmichael and the vintner engage in conversation, with Carmichael growing suspicious of the vintner's true identity.
- Chapter 12, item 3: The vintner writes a cryptic note to Carmichael about the secret of number forty Krumerweg before going to bed.
- Chapter 19, item 7: Carmichael confronts the vintner in his room, addressing him as ""your majesty.""
- Relationship: Revelation of the vintner's true identity"
"Gretchen's life undergoes a series of transformative events, from the discovery of her exceptional singing talent to sudden wealth, the revelation of her true identity as the duke's daughter through a burn scar, and ultimately becoming the queen of Jugendheit through marriage to the king.","Gretchen's life undergoes a series of transformative events, from the discovery of her exceptional painting talent to sudden poverty, the revelation of her true identity as the duke's niece through a birthmark, and ultimately becoming the court jester of Jugendheit.","In Chapter 9, Gretchen's exceptional singing talent is discovered. Chapter 10 reveals that Gretchen becomes wealthy through an inheritance and additional money from the duke and Hildegarde. In Chapter 21, it is revealed that Gretchen has a burn scar identifying her as the duke's true daughter. Finally, in Chapter 22, the king announces his intention to marry Gretchen, making her the queen of Jugendheit. These events show the dramatic transformation of Gretchen's life throughout the story.","The corrupted fact contains multiple inaccuracies: Gretchen's talent is in singing, not painting; she becomes wealthy, not poor; she is revealed to be the duke's daughter, not niece; the identifying mark is a burn scar, not a birthmark; and she becomes the queen, not the court jester of Jugendheit.","Chapter 9, 10, 21, 22","- Chapter 9, item 5: The Herr Direktor tests Gretchen's singing voice, revealing her exceptional talent.
- Chapter 10, item 6: The letter contains money for Gretchen, which the duke and Hildegarde supplement, making Gretchen wealthy.
- Chapter 21, item 4: Grumbach reveals that Gretchen has the burn scar, not Princess Hildegarde, suggesting Gretchen is the duke's true daughter.
- Chapter 22, item 4: The king announces his intention to marry Gretchen, making her the queen of Jugendheit.
- Relationship: Gretchen's life transformation"
