facts,explanation,source,brainstorm,duplication,duplication_reasoning,verification,verification_reasoning
"Ling, the cook, threatens to quit due to interference from Mrs. Hardin, who is married to Tom Hardin and has a past relationship with Rickard.","This fact combines specific details from multiple chapters. In Chapter 1, we learn about Ling's threat to quit due to Mrs. Hardin's interference. Chapter 2 reveals Mrs. Hardin's past relationship with Rickard and her current marriage to Tom Hardin. Chapter 15 confirms that Gerty Holmes is now Mrs. Hardin, married to Thomas Hardin, and known to Rickard.","Chapters 1, 2, 15","- Chapter 1, item 1: Ling threatens to quit due to Mrs. Hardin's interference in the kitchen.
- Chapter 2, item 2: Mrs. Hardin reflects on her past relationship with Rickard and her current marriage to Tom Hardin.
- Chapter 15, item 2: Rickard recognizes Innes Hardin, Gerty Holmes (now Hardin), and Thomas Hardin at a nearby table.
- Relationship: Central characters and their connections",Unique,Valid claim,VALID,"1. Analysis of atomic parts:
   a. ""Ling, the cook, threatens to quit due to interference from Mrs. Hardin"": This part is grounded in event 1 of Chapter 1, where Ling threatens to quit because of Mrs. Hardin's interference in the kitchen.
   b. ""Mrs. Hardin, who is married to Tom Hardin"": This part is consistent with the book summary, which states that Gerty Hardin is married to Tom Hardin.
   c. ""Mrs. Hardin has a past relationship with Rickard"": This part is consistent with the book summary, which mentions that Mrs. Hardin reflects on her past relationship with Rickard.

2. Analysis of the relationship between atomic parts:
   a. The relationship is objectively valid and meaningful. The claim connects Ling's threat to quit with Mrs. Hardin's interference, which is a direct cause-and-effect relationship. Additionally, the claim provides context about Mrs. Hardin's relationships, which is relevant to understanding her character and motivations.
   b. The relationship is not a subjective interpretation; it is explicitly grounded in the chapter outline and book summary.
   c. The relationship makes sense based on the book summary and chapter outline, as it accurately reflects the events and character dynamics described.

Since all atomic parts are grounded in the provided information and the relationship between them is valid and meaningful, the claim is consistent with the book summary and chapter outline."
"Thomas Hardin's unsuccessful river diversion project, initially involving Estrada, led to debates about completing his head-gate project despite its previous failure.","This fact combines specific information from three chapters. Chapter 3 mentions Hardin's unsuccessful river diversion project. Chapter 6 provides background on the project, including Estrada's initial involvement and Hardin's mismanagement. Chapter 13 shows that despite the project's failure, Hardin still proposes completing his head-gate project, leading to debates about its feasibility.","Chapters 3, 6, 13","- Chapter 3, item 3: Rickard reads an Engineering Review article about Thomas Hardin's unsuccessful river diversion project.
- Chapter 6, item 3: Marshall explains the background of the river project, including Estrada's initial involvement and Hardin's subsequent mismanagement.
- Chapter 13, item 4: Hardin proposes completing his head-gate project, leading to a heated debate about its feasibility.
- Relationship: Hardin's river project and its challenges",Unique,Valid claim,VALID,"1. Analysis of atomic parts:
    a. ""Thomas Hardin's unsuccessful river diversion project"": This part is grounded in Chapter 3, where Rickard reads about Hardin's unsuccessful project, and Chapter 6, where Marshall explains Hardin's mismanagement.
    b. ""initially involving Estrada"": This part is grounded in Chapter 6, where Marshall explains the background of the river project, including Estrada's initial involvement.
    c. ""led to debates about completing his head-gate project despite its previous failure"": This part is grounded in Chapter 13, where Hardin proposes completing his head-gate project, leading to a heated debate.

2. Analysis of the relationship between atomic parts:
    a. The relationship is objectively valid and meaningful. The unsuccessful river diversion project, initially involving Estrada, is directly linked to the debates about completing the head-gate project, as indicated by the discussions in Chapter 13.
    b. The relationship is not a subjective interpretation; it is explicitly grounded in the chapter outline.
    c. The relationship makes sense based on the book summary and chapter outline, as it reflects the ongoing challenges and debates surrounding the river project.

Since all atomic parts are grounded in the chapter outline and the relationship between them is valid and meaningful, the claim is VALID."
"A slight earthquake in Rickard's location precedes news of the San Francisco disaster, which destroyed machinery needed for Rickard's river project.","This fact combines specific details from Chapter 4. The slight earthquake in Rickard's location is followed by rumors of a major disaster. Rickard confirms with Babcock that San Francisco is on fire and communication lines are down. Rickard then realizes that the disaster likely destroyed the machinery he needed for his work at the river, directly impacting his project.",Chapter 4,"- Chapter 4, item 1: A slight earthquake occurs, causing minor disturbances in Rickard's location.
- Chapter 4, item 3: Throughout the day, rumors spread about a major disaster occurring elsewhere, possibly in San Francisco.
- Chapter 4, item 4: Rickard contacts Babcock in Los Angeles, who confirms that San Francisco is on fire and communication lines are down.
- Chapter 4, item 6: Rickard realizes that the San Francisco disaster likely destroyed the machinery he needed for his work at the river.
- Relationship: Impact of San Francisco earthquake on the river project",Unique,Valid claim,VALID,"1. Analysis of atomic parts:
    a. ""A slight earthquake in Rickard's location"": This part is grounded in event 1 of Chapter 4, where a slight earthquake occurs, causing minor disturbances in Rickard's location.
    b. ""precedes news of the San Francisco disaster"": This part is grounded in events 3 and 4 of Chapter 4, where rumors spread about a major disaster in San Francisco, and Rickard confirms the disaster with Babcock.
    c. ""which destroyed machinery needed for Rickard's river project"": This part is grounded in event 6 of Chapter 4, where Rickard realizes that the San Francisco disaster likely destroyed the machinery he needed for his work at the river.

2. Analysis of the relationship between atomic parts:
    a. The relationship is objectively valid and meaningful. The sequence of events is logical: the earthquake occurs, followed by the news of the San Francisco disaster, which impacts Rickard's project.
    b. The relationship is not a subjective interpretation; it is explicitly stated in the chapter outline.
    c. The relationship makes sense based on the book summary and chapter outline. There is no contradicting information in the summary or outline.

Since all considerations are satisfied, the claim is VALID."
"Maldonado, a rurale who sold liquor to Indians and abused his authority, is later murdered along with his mistress, likely by his wife's brother Felipe.","This fact combines specific details from three chapters. In Chapter 5, Lucrezia reveals Maldonado's illegal activities. Chapter 33 shows Maldonado's continued involvement with drunk Indians. Chapter 34 reveals the ultimate consequence of Maldonado's actions","Chapters 5, 33, 34","- Chapter 5, item 2: Lucrezia discloses that her husband, Maldonado, a rurale, has been selling liquor to Indians and abusing his position of authority.
- Chapter 33, item 4: Maldonado arrives, claiming to be busy, and shows Rickard and MacLean three drunk Indians locked in a shed.
- Chapter 34, item 7: Inside Rickard's tent, Maldonado's wife reveals that her husband and his mistress have been murdered, likely by her brother Felipe.
- Relationship: Maldonado's illegal activities and their consequences",Unique,Valid claim,VALID,"1. Analysis of atomic parts:
   a. ""Maldonado, a rurale who sold liquor to Indians and abused his authority"": This part is grounded in Chapter 5, where Lucrezia reveals Maldonado's illegal activities, including selling liquor to Indians and abusing his position.
   b. ""is later murdered along with his mistress"": This part is grounded in Chapter 34, where Maldonado's wife reveals that Maldonado and his mistress have been murdered.
   c. ""likely by his wife's brother Felipe"": This part is grounded in Chapter 34, where it is suggested that the murders were likely committed by Felipe, Lucrezia's brother.

2. Analysis of the relationship between atomic parts:
   a. The relationship is objectively valid and meaningful. The claim connects Maldonado's illegal activities and abuse of authority with his eventual murder, suggesting a motive for Felipe's actions.
   b. The relationship is not a subjective interpretation; it is explicitly supported by the chapter outlines.
   c. The relationship makes sense based on the book summary and chapter outline, as it ties together Maldonado's actions and the consequences he faces.

Since all atomic parts are grounded in the chapter outline and the relationship between them is valid and meaningful, the claim is consistent with the provided information."
"Rickard, who recruited Cocopah Indians for levee work, faces a labor dispute over their Sunday feasting and Monday absenteeism, which is resolved when Coronel negotiates an end to the Monday strike in exchange for lifting Rickard's boycott.",This fact combines specific details from Chapters 11 and 30. It shows the progression of events from Rickard's initial recruitment of Cocopah Indians for levee work to the labor dispute that arises due to their work habits. The fact then details Rickard's response (the boycott) and the ultimate resolution through negotiation with Coronel.,"Chapters 11, 30","- Chapter 11, item 2: Rickard recruits Cocopah Indians and Mexican laborers to begin work on a levee west of the town.
- Chapter 30, item 1: Rickard issues a warning to the Indian workers about their Sunday feasting and Monday absenteeism at the work site.
- Chapter 30, item 3: Rickard implements a boycott against the Indian workers, refusing to give them work when they show up on Tuesday.
- Chapter 30, item 7: Coronel leads a group of tribal representatives to Rickard's ramada, where they agree to end the Monday strike if Rickard lifts the boycott.
- Relationship: Labor issues with Indian workers and their resolution",Unique,Valid claim,VALID,"1. Analysis of atomic parts:
   a. ""Rickard, who recruited Cocopah Indians for levee work"": This part is grounded in Chapter 11, event 2, where Rickard recruits Cocopah Indians for levee work.
   b. ""faces a labor dispute over their Sunday feasting and Monday absenteeism"": This part is grounded in Chapter 30, events 1 and 2, where Rickard faces a labor dispute due to the Indians' Sunday feasting and Monday absenteeism.
   c. ""which is resolved when Coronel negotiates an end to the Monday strike in exchange for lifting Rickard's boycott"": This part is grounded in Chapter 30, events 6 and 7, where Coronel negotiates with Rickard to end the Monday strike in exchange for lifting the boycott.

2. Analysis of the relationship between atomic parts:
   a. The relationship is objectively valid and meaningful. The sequence of events shows a clear progression from recruitment to labor dispute to resolution through negotiation.
   b. The relationship is not a subjective interpretation; it is explicitly stated in the chapter outline.
   c. The relationship makes sense based on the book summary and chapter outline, as it aligns with the challenges Rickard faces in managing the project and his interactions with the labor force.

Since all atomic parts are grounded in the chapter outline and the relationship between them is valid and meaningful, the claim is consistent with the provided information."
"Rickard initially checks on the Crossing for earthquake damage but later hasn't visited it to make decisions about the head-gate project, causing frustration for Hardin.","In Chapter 4, Rickard calls to check on the Crossing for potential earthquake damage. However, in Chapter 19, Hardin confronts Rickard about not having visited the Crossing to make decisions about the head-gate project. This fact highlights the ongoing importance of the Crossing in the project and the tension between Rickard and Hardin.","Chapter 4, 19","- Chapter 4, item 2: Rickard calls various locations to check on potential damage, including the Crossing and Grant's Heading, finding no significant issues.
- Chapter 19, item 3: Hardin confronts Rickard about the head-gate project, learning that Rickard hasn't visited the Crossing or made any decisions yet.
- Relationship: Central element (Crossing)",Unique,Valid claim,VALID,"1. Analysis of atomic parts:
   a. ""Rickard initially checks on the Crossing for earthquake damage"": This part is grounded in Chapter 4, where Rickard calls various locations, including the Crossing, to check for potential damage after the earthquake.
   b. ""but later hasn't visited it to make decisions about the head-gate project"": This part is grounded in Chapter 19, where it is mentioned that Rickard hasn't visited the Crossing or made any decisions about the head-gate project yet.
   c. ""causing frustration for Hardin"": This part is grounded in Chapter 19, where Hardin is frustrated with Rickard's lack of action regarding the head-gate project.

2. Analysis of the relationship between atomic parts:
   a. The relationship is objectively valid and meaningful. It shows a progression from Rickard's initial actions to his later inaction, which causes frustration for Hardin.
   b. The relationship is not a subjective interpretation; it is explicitly supported by the chapter outline.
   c. The relationship makes sense based on the book summary and chapter outline, as it aligns with the ongoing tensions and professional rivalries between Rickard and Hardin.

Since all parts of the claim are grounded in the chapter outline and the relationship between them is valid and meaningful, the claim is VALID."
"Maldonado's illegal activities of selling liquor to Indians, initially disclosed by his wife Lucrezia, are later confirmed when he shows Rickard and MacLean three drunk Indians locked in a shed.","In Chapter 5, Lucrezia reveals Maldonado's illegal activities, including selling liquor to Indians. This is later corroborated in Chapter 33 when Maldonado shows Rickard and MacLean three drunk Indians locked in a shed, providing evidence of his continued involvement in these activities.","Chapter 5, 33","- Chapter 5, item 2: Lucrezia discloses that her husband, Maldonado, a rurale, has been selling liquor to Indians and abusing his position of authority.
- Chapter 33, item 4: Maldonado arrives, claiming to be busy, and shows Rickard and MacLean three drunk Indians locked in a shed.
- Relationship: Central element (Maldonado's illegal activities)",Unique,Valid claim,VALID,"1. Analysis of atomic parts:
   a. ""Maldonado's illegal activities of selling liquor to Indians"": This part is grounded in Chapter 5, where Lucrezia reveals her husband's illegal activities.
   b. ""initially disclosed by his wife Lucrezia"": This part is grounded in Chapter 5, where Lucrezia discloses Maldonado's activities to Rickard.
   c. ""are later confirmed when he shows Rickard and MacLean three drunk Indians locked in a shed"": This part is grounded in Chapter 33, where Maldonado shows Rickard and MacLean the drunk Indians.

2. Analysis of the relationship between atomic parts:
   a. The relationship is objectively valid and meaningful. The illegal activities disclosed by Lucrezia are later confirmed by the presence of the drunk Indians, which suggests that Maldonado's actions have tangible consequences.
   b. The relationship is not a subjective interpretation; it is explicitly supported by the events in the chapter outline.
   c. The relationship makes sense based on the book summary and chapter outline. There is no contradiction between the summary and the outline regarding these events.

Since all parts of the claim are grounded in the chapter outline, and the relationship between them is valid and meaningful, the claim is consistent with the provided information."
Gerty's determination to proceed with her party despite challenging weather conditions is interrupted by MacLean's urgent news about the river breaking through the levee.,"In Chapter 7, Gerty is determined to continue with her party despite difficult weather. However, in Chapter 8, this party is interrupted when MacLean arrives with news about the river breaking through the levee. This fact demonstrates how the environmental crisis directly impacts the social events in the community.","Chapter 7, 8","- Chapter 7, item 7: Gerty returns home, determined to proceed with the party despite the challenging weather conditions.
- Chapter 8, item 4: MacLean interrupts the party on horseback, bringing urgent news about the river breaking through the levee.
- Relationship: Cause and effect",Unique,Valid claim,VALID,"1. Analysis of atomic parts:
    a. ""Gerty's determination to proceed with her party despite challenging weather conditions"": This part is grounded in event 7 of Chapter 7, where Gerty returns home determined to proceed with the party despite the challenging weather.
    b. ""is interrupted by MacLean's urgent news about the river breaking through the levee"": This part is grounded in event 4 of Chapter 8, where MacLean interrupts the party with urgent news about the river breaking through the levee.

2. Analysis of the relationship between atomic parts:
    a. The relationship is objectively valid and meaningful. Gerty's determination to continue with the party is directly interrupted by MacLean's urgent news, which causes the dinner party to break up as the men rush to the levee.
    b. The relationship is not a subjective interpretation; it is explicitly stated in the chapter outline that the party is interrupted by the news.
    c. The relationship makes sense based on the book summary and chapter outline, as it aligns with the events described in Chapter 8.

Since all considerations are satisfied, the claim is VALID."
Rickard waits in Marshall's outer office before being called in for a meeting where Marshall informs him about the Colorado River situation.,"In Chapter 3, Rickard arrives at Marshall's office and is asked to wait in the outer office. Later, in Chapter 6, Marshall enters his office and calls Rickard in for a meeting. This sequence of events shows the progression from Rickard's arrival to the actual meeting taking place.","Chapter 3, 6","- Chapter 3, item 2: The clerk informs Rickard that Marshall has not yet arrived and asks him to wait in the outer office.
- Chapter 6, item 1: Marshall enters his office, throws his hat and paper, and calls Rickard in for a meeting.
- Relationship: Temporal sequence of events related to Rickard's meeting with Marshall",Unique,Valid claim,VALID,"1. Analysis of atomic parts:
    a. ""Rickard waits in Marshall's outer office"": This part is grounded in Chapter 3, events 1 and 2, where Rickard is waiting in the outer office for Marshall to arrive.
    b. ""before being called in for a meeting"": This part is implied in Chapter 3, event 7, where Rickard puts away his book as the meeting with Marshall is about to begin, and in Chapter 6, event 1, where Marshall calls Rickard in for a meeting.
    c. ""where Marshall informs him about the Colorado River situation"": This part is grounded in Chapter 6, event 2, where Marshall informs Rickard about the Colorado River situation.

2. Analysis of the relationship between atomic parts:
    a. The relationship is objectively valid and meaningful. The sequence of events is logical: Rickard waits, is called in for a meeting, and is informed about the Colorado River situation.
    b. The relationship is not a subjective interpretation; it is explicitly supported by the chapter outline.
    c. The relationship makes sense based on the book summary and chapter outline. There is no contradiction with the summary, which mentions Rickard taking charge of the Colorado River project.

Since all parts of the claim are grounded in the chapter outline and the relationship between them is valid and meaningful, the claim is VALID."
Both Rickard and Eduardo Estrada use the water tower as a vantage point to assess the challenges facing the valley project.,"In Chapter 4, Rickard inspects the company's water tower while contemplating the implications of the San Francisco disaster. Later, in Chapter 32, Eduardo Estrada climbs the same water tower to observe the submerged land. This shows that the water tower serves as a significant observation point for assessing the project's challenges at different times.","Chapter 4, 32","- Chapter 4, item 7: Rickard contemplates the implications of the disaster and inspects the company's water tower, considering its importance in light of recent events.
- Chapter 32, item 6: Eduardo Estrada climbs the water tower to observe the submerged land and reflect on his father's vision for the valley.
- Relationship: The water tower as a vantage point for observing and reflecting on the project's challenges",Unique,Valid claim,VALID,"1. Analysis of atomic parts:
    a. Rickard uses the water tower as a vantage point to assess the challenges facing the valley project: This part is grounded in event 7 of Chapter 4, where Rickard inspects the company's water tower, considering its importance in light of recent events.
    b. Eduardo Estrada uses the water tower as a vantage point to assess the challenges facing the valley project: This part is grounded in event 6 of Chapter 32, where Estrada climbs the water tower to observe the submerged land and reflect on his father's vision for the valley.

2. Analysis of the relationship between atomic parts:
    a. The relationship is objectively valid and meaningful, as both characters use the water tower to gain perspective on the challenges related to the valley project.
    b. The relationship is not a subjective interpretation; it is explicitly supported by the chapter outline.
    c. The relationship makes sense based on the book summary and chapter outline, as both characters are involved in the reclamation efforts and face challenges related to the project.

Since all considerations are satisfied, the claim is VALID."
"Gerty prepares for and hosts a party at the Desert Hotel, which Rickard fails to attend despite her anticipation.","Chapter 7 shows Gerty preparing for the party and bringing supplies to the Desert Hotel with Mrs. Youngberg. In Chapter 8, the party takes place at the same location, with Gerty anxiously waiting for Rickard, who doesn't arrive. This sequence of events demonstrates Gerty's effort in organizing the party and her disappointment when Rickard doesn't show up.","Chapter 7, 8","- Chapter 7, item 2: Mrs. Youngberg arrives early, interrupting Gerty's preparations, and they drive to the Desert Hotel with party supplies.
- Chapter 8, item 2: The party assembles at the Desert Hotel, with Gerty anxiously awaiting Rickard's arrival, who doesn't show up.
- Relationship: Gerty's party preparations and execution at the Desert Hotel",Unique,Valid claim,VALID,"1. Analysis of atomic parts:
    a. Gerty prepares for a party at the Desert Hotel: This part is grounded in Chapter 7, where Gerty is seen preparing for a party at the Desert Hotel.
    b. Gerty hosts a party at the Desert Hotel: This part is grounded in Chapter 8, where the party assembles at the Desert Hotel.
    c. Rickard fails to attend the party: This part is grounded in Chapter 8, where it is mentioned that Gerty anxiously awaits Rickard's arrival, but he does not show up.
    d. Gerty anticipates Rickard's attendance: This part is grounded in Chapter 8, where Gerty is anxiously awaiting Rickard's arrival.

2. Analysis of the relationship between atomic parts:
    a. The relationship is objectively valid and meaningful. Gerty's preparation and hosting of the party are directly related to her anticipation of Rickard's attendance, and his failure to attend is a significant event in the narrative.
    b. The relationship is not a subjective interpretation; it is explicitly stated in the chapter outline.
    c. The relationship makes sense based on the book summary and chapter outline, as it aligns with the personal and professional dynamics explored in the narrative.

Since all considerations are satisfied, the claim is VALID."
"Hardin's proposal to complete his head-gate project leads to ongoing conflicts with Rickard, who delays making decisions about it.","In Chapter 13, Hardin proposes completing his head-gate project, resulting in a heated debate. Later, in Chapter 19, Hardin confronts Rickard about the project, discovering that Rickard hasn't visited the Crossing or made any decisions yet. This sequence of events shows the persistent tension between Hardin and Rickard regarding the head-gate project and Rickard's reluctance to act on it.","Chapter 13, 19","- Chapter 13, item 4: Hardin proposes completing his head-gate project, leading to a heated debate about its feasibility and Marshall's intentions.
- Chapter 19, item 3: Hardin confronts Rickard about the head-gate project, learning that Rickard hasn't visited the Crossing or made any decisions yet.
- Relationship: Ongoing conflict between Hardin and Rickard regarding the head-gate project",Unique,Valid claim,VALID,"1. Analysis of each atomic part:
   a. ""Hardin's proposal to complete his head-gate project"": This part is grounded in event 4 of Chapter 13, where Hardin proposes completing his head-gate project.
   b. ""leads to ongoing conflicts with Rickard"": The chapter outline does not explicitly state ongoing conflicts, but it does mention a heated debate in Chapter 13, which suggests conflict.
   c. ""Rickard delays making decisions about it"": In Chapter 19, it is noted that Rickard hasn't visited the Crossing or made any decisions yet, which implies a delay.

2. Analysis of the relationship between atomic parts:
   a. The relationship is meaningful and valid. Hardin's proposal leads to a debate, indicating conflict, and Rickard's delay in making decisions about the head-gate project suggests ongoing issues.
   b. The relationship is not a subjective interpretation; it is supported by the events in the chapter outline.
   c. The relationship makes sense based on the book summary and chapter outline, as it aligns with the tensions and professional rivalries described in the summary.

Since all considerations are satisfied, the claim is VALID."
"Estrada, who falls into the river during a critical moment of the project, is the son of the man who had a vision for the valley's development.","In Chapter 17, a worker, later identified as Estrada, falls into the river and is presumed dead during a crucial phase of the project. In Chapter 32, Eduardo Estrada climbs the water tower and reflects on his father's vision for the valley. This connection reveals that Estrada, who was involved in the dangerous work on the river, is part of a family with a long-standing connection to the valley's development.","Chapter 17, 32","- Chapter 17, item 4: During a critical moment, a worker falls into the river and is presumed dead, later revealed to be Estrada.
- Chapter 32, item 6: Eduardo Estrada climbs the water tower to observe the submerged land and reflect on his father's vision for the valley.
- Relationship: Estrada's involvement in the river project and his family's connection to it",Unique,Valid claim,VALID,"1. Analysis of atomic parts:
    a. Estrada falls into the river during a critical moment of the project: This part is grounded in event 4 of Chapter 17, where a worker falls into the river and is later revealed to be Estrada.
    b. Estrada is the son of the man who had a vision for the valley's development: This part is grounded in event 6 of Chapter 32, where Eduardo Estrada reflects on his father's vision for the valley.

2. Analysis of the relationship between atomic parts:
    a. The relationship is meaningful and valid, as both parts are connected through the character of Estrada and his involvement in the project, as well as his familial connection to the vision for the valley's development.
    b. The relationship is not a subjective interpretation; it is explicitly supported by the chapter outline.
    c. The relationship makes sense based on the book summary and chapter outline, as it ties together Estrada's personal involvement in the project and his father's historical vision for the valley.

Since all considerations are satisfied, the claim is VALID."
"After Mrs. Parrish accidentally kills her husband Sam, Innes Hardin visits her at her desert home to check on her well-being.","In Chapter 24, Mrs. Parrish, in a confused state, shoots and kills her husband Sam when he enters their tent. Later, in Chapter 28, Innes Hardin visits Mrs. Parrish at her desert home to inquire about her health and recent experiences. This sequence of events shows the community's concern for Mrs. Parrish following the tragic incident with her husband.","Chapter 24, 28","- Chapter 24, item 6: Mrs. Parrish shoots Sam as he enters the tent, killing him.
- Chapter 28, item 1: Innes Hardin visits Mrs. Parrish at her desert home, inquiring about her health and recent experiences.
- Relationship: The aftermath of the tragic incident involving Mrs. Parrish",Unique,Valid claim,VALID,"1. Analysis of atomic parts:
    a. ""After Mrs. Parrish accidentally kills her husband Sam"": This part is grounded in Chapter 24, where Mrs. Parrish, in a confused state, mistakes Sam for an intruder and shoots him, resulting in his death.
    b. ""Innes Hardin visits her at her desert home to check on her well-being"": This part is grounded in Chapter 28, where Innes Hardin visits Mrs. Parrish and inquires about her health and recent experiences.

2. Analysis of the relationship between atomic parts:
    a. The relationship is objectively valid and meaningful. The visit by Innes Hardin to Mrs. Parrish can logically follow the traumatic event of Mrs. Parrish accidentally killing her husband, as it would be reasonable for someone to check on her well-being after such an incident.
    b. The relationship is not a subjective interpretation; it is a logical sequence of events based on the chapter outlines.
    c. The relationship makes sense based on the book summary and chapter outline. There is no contradicting information in the summary or outline that would invalidate this sequence of events.

Since all considerations are satisfied, the claim is VALID."
"The railroad company, which had previously threatened to withhold funding unless damage suits were withdrawn, plays a crucial role in the town's flood control efforts.","In Chapter 29, Marshall presents an ultimatum from Faraday, stating that the railroad will not advance more money unless damage suits are withdrawn. Later, in Chapter 32, the flood waters reach the depot platform and halt, allowing the town to feel relief. This connection shows that despite earlier conflicts over funding, the railroad's infrastructure (the depot platform) becomes a critical point in the town's defense against flooding.","Chapter 29, 32","- Chapter 29, item 4: Marshall presents Faraday's ultimatum: the railroad will not advance more money unless damage suits are withdrawn.
- Chapter 32, item 5: The flood waters reach the depot platform and halt, allowing the town to breathe a sigh of relief.
- Relationship: The railroad company's involvement in the flood control efforts and its impact on the town",Unique,Valid claim,INVALID,"1. Analysis of atomic parts:
   a. ""The railroad company, which had previously threatened to withhold funding unless damage suits were withdrawn"": This part is grounded in Chapter 29, where Marshall presents Faraday's ultimatum that the railroad will not advance more money unless damage suits are withdrawn.
   b. ""plays a crucial role in the town's flood control efforts"": This part is not explicitly grounded in the chapter outline. Chapter 32 mentions the flood and the community's debate about the railroad's responsibility for the damage, but it does not specify the railroad's active role in flood control efforts.

2. Analysis of the relationship between atomic parts:
   a. The relationship is not objectively valid and meaningful because the chapter outline does not provide evidence that the railroad company played a crucial role in flood control efforts. The outline only mentions the railroad's financial ultimatum and the community's debate about its responsibility.
   b. The relationship is a subjective interpretation and not explicitly stated in the summary or outline.
   c. The relationship does not contradict any information in the summary or outline, but it lacks explicit support.

Since 1b. and 2a. are not satisfied, the claim is INVALID."
Gerty Hardin proposes to manage a new commissary department to Rickard while also attempting to manipulate her husband into reporting Rickard's alleged impropriety to Tod Marshall.,"In Chapter 36, Mrs. Hardin (Gerty) proposes to Rickard that she take charge of a new commissary department. However, in Chapter 37, Gerty tries to manipulate her husband Tom into reporting Rickard's alleged relationship with a Mexican woman to Tod Marshall. This reveals Gerty's complex and potentially conflicting actions towards Rickard, as she seeks both to work with him and to potentially undermine his position.","Chapter 36, 37","- Chapter 36, item 4: Mrs. Hardin enters the ramada and proposes to Rickard that she take charge of a new commissary department.
- Chapter 37, item 5: Gerty attempts to manipulate Tom Hardin into reporting Rickard's alleged relationship with a Mexican woman to Tod Marshall.
- Relationship: Gerty Hardin's complex interactions with Rickard and her attempts to influence camp dynamics",Unique,Valid claim,INVALID,"1. Analysis of atomic parts:
   a. ""Gerty Hardin proposes to manage a new commissary department to Rickard"": This part is grounded in Chapter 36, where Mrs. Hardin (Gerty) enters the ramada and proposes to Rickard that she take charge of a new commissary department.
   b. ""Gerty Hardin attempts to manipulate her husband into reporting Rickard's alleged impropriety to Tod Marshall"": This part is grounded in Chapter 37, where Gerty attempts to manipulate Tom Hardin into reporting Rickard's alleged relationship with a Mexican woman to Tod Marshall.

2. Analysis of the relationship between atomic parts:
   a. The relationship between the two parts is not directly meaningful or causally connected. The two actions occur in separate chapters and are not shown to be related in the summary or outline.
   b. The relationship is a subjective interpretation and not explicitly grounded in the summary or outline. There is no indication that Gerty's proposal to manage the commissary department is related to her attempt to manipulate her husband.
   c. The relationship does not contradict any information in the summary or outline, but it lacks a meaningful connection.

Since the relationship between the atomic parts is not meaningful or explicitly stated, the claim is INVALID."
"Rickard reflects on his career and past relationship with Gerty at different points in time, first in Tucson and later at the Desert Hotel in Calexico.","In Chapter 3, Rickard observes Tucson from Marshall's office window and contemplates his career and the possibility of staying long-term. Later, in Chapter 15, after encountering the Hardins at the Desert Hotel in Calexico, Rickard reflects on his past relationship with Gerty. These two instances show Rickard's tendency to contemplate his past and future at significant moments in different locations.","Chapter 3, 15","- Chapter 3, item 4: Rickard looks out the window, observing Tucson and reflecting on his career and the possibility of staying long-term.
- Chapter 15, item 7: As the Hardins leave the dining room, Rickard reflects on his past relationship with Gerty.
- Relationship: Rickard's reflections on his past and future",Unique,Valid claim,VALID,"1. Analysis of atomic parts:
   a. ""Rickard reflects on his career"": This part is grounded in event 4 of Chapter 3, where Rickard looks out the window and reflects on his career.
   b. ""Rickard reflects on his past relationship with Gerty"": This part is grounded in event 7 of Chapter 15, where Rickard reflects on his past relationship with Gerty after leaving the dining room.
   c. ""at different points in time, first in Tucson and later at the Desert Hotel in Calexico"": This part is consistent with the chapter outlines, as the reflection on his career occurs in Tucson (Chapter 3), and the reflection on his past relationship with Gerty occurs at the Desert Hotel in Calexico (Chapter 15).

2. Analysis of the relationship between atomic parts:
   a. The relationship is objectively valid and meaningful, as it accurately describes Rickard's reflections occurring at two different locations and times.
   b. The relationship is not a subjective interpretation; it is explicitly grounded in the chapter outlines.
   c. The relationship makes sense based on the book summary and chapter outline, as it aligns with the events described in both chapters.

Since all considerations are satisfied, the claim is VALID."
Rickard initially promises to protect Lucrezia Maldonado but later feels unable to intervene in the family's domestic issues.,"In Chapter 5, Rickard arranges for Lucrezia to stay in the camp and work, promising to look into her situation and protect her from her abusive husband. However, in Chapter 33, when Rickard and MacLean hear a cry from inside the Maldonado adobe, they discuss their inability to intervene in the family's domestic issues. This shows a change in Rickard's approach to the Maldonado family situation over time, from active involvement to reluctant non-intervention.","Chapter 5, 33","- Chapter 5, item 7: Rickard arranges for Lucrezia to stay in the camp and work, promising to look into the situation and protect her.
- Chapter 33, item 7: As Rickard and MacLean leave, they hear a cry from inside the adobe and discuss their inability to intervene.
- Relationship: Rickard's involvement in Maldonado family issues",Unique,Valid claim,VALID,"1. Analysis of atomic parts:
   a. ""Rickard initially promises to protect Lucrezia Maldonado"": This part is grounded in event 7 of Chapter 5, where Rickard arranges for Lucrezia to stay in the camp and promises to look into the situation and protect her.
   b. ""later feels unable to intervene in the family's domestic issues"": This part is grounded in event 7 of Chapter 33, where Rickard and MacLean hear a cry from inside the adobe and discuss their inability to intervene.

2. Analysis of the relationship between atomic parts:
   a. The relationship is objectively valid and meaningful. It shows a progression from Rickard's initial promise to protect Lucrezia to his later realization of being unable to intervene in her domestic issues.
   b. The relationship is not a subjective interpretation; it is explicitly supported by the chapter outline.
   c. The relationship makes sense based on the book summary and chapter outline. There is no contradiction in the summary or outline regarding Rickard's actions and feelings towards Lucrezia's situation.

Since all considerations are satisfied, the claim is VALID."
"Rickard and Estrada have multiple discussions about the river project in Estrada's car, covering its history, Hardin's involvement, and doubts about its success.","In Chapter 13, Rickard and Estrada discuss the river project over lunch in Estrada's car, with Estrada expressing doubts about its success. Later, in Chapter 18, Rickard spends an afternoon in Estrada's car, learning about the history of the river project and Hardin's involvement. These two instances show that Estrada's car serves as a recurring setting for important discussions about the river project, providing Rickard with crucial information and perspectives.","Chapter 13, 18","- Chapter 13, item 7: After the meeting, Rickard and Estrada discuss the river project over lunch in Estrada's car, with Estrada expressing doubts about its success.
- Chapter 18, item 6: Rickard spends the afternoon in Estrada's car, learning about the history of the river project and Hardin's involvement.
- Relationship: Rickard and Estrada's discussions about the river project",Unique,Valid claim,VALID,"1. Analysis of atomic parts:
    a. Rickard and Estrada have multiple discussions about the river project: This part is grounded in both Chapter 13 and Chapter 18 outlines, where Rickard and Estrada discuss the river project during lunch in Estrada's car.
    b. Covering its history: This part is grounded in Chapter 18, where Rickard learns about the history of the river project in Estrada's car.
    c. Hardin's involvement: This part is grounded in Chapter 18, where Rickard learns about Hardin's involvement in the river project.
    d. Doubts about its success: This part is grounded in Chapter 13, where Estrada expresses doubts about the success of the river project during a discussion with Rickard.

2. Analysis of the relationship between atomic parts:
    a. The relationship is objectively valid and meaningful, as the discussions between Rickard and Estrada cover various aspects of the river project, including its history, Hardin's involvement, and doubts about its success.
    b. The relationship is not a subjective interpretation; it is explicitly supported by the chapter outlines.
    c. The relationship makes sense based on the book summary and chapter outline, as it aligns with the narrative of Rickard taking charge of the river project and the challenges he faces, including skepticism from others like Estrada.

Since all atomic parts are grounded in the chapter outlines and the relationship between them is valid and meaningful, the claim is VALID."
"Innes Hardin visits the camp on multiple occasions, first staying with Mrs. Marshall and later being welcomed by Gerty Hardin.","In Chapter 20, Marshall informs Rickard that Innes will be visiting Mrs. Marshall while he is on the road, indicating a planned visit to the camp. Later, in Chapter 41, Innes arrives at the camp and is welcomed by Gerty Hardin, who shows her around their tent and the camp setup. These two instances demonstrate that Innes makes multiple visits to the camp, interacting with different people and experiencing various aspects of camp life.","Chapter 20, 41","- Chapter 20, item 2: Marshall informs Rickard that Innes will be visiting Mrs. Marshall while he is on the road.
- Chapter 41, item 1: Innes Hardin arrives at the camp and is welcomed by Gerty Hardin, who shows her around their tent and the camp setup.
- Relationship: Innes's visits to the camp",Unique,Valid claim,VALID,"1. Analysis of atomic parts:
    a. ""Innes Hardin visits the camp on multiple occasions"": This part is grounded in the chapter outlines. In Chapter 20, Innes is mentioned as visiting Mrs. Marshall, and in Chapter 41, she arrives at the camp and is welcomed by Gerty Hardin.
    b. ""first staying with Mrs. Marshall"": This part is grounded in Chapter 20, where Marshall informs Rickard that Innes will be visiting Mrs. Marshall.
    c. ""later being welcomed by Gerty Hardin"": This part is grounded in Chapter 41, where Innes is welcomed by Gerty Hardin upon her arrival at the camp.

2. Analysis of the relationship between atomic parts:
    a. The relationship is objectively valid and meaningful. The claim accurately describes the sequence of events where Innes first visits Mrs. Marshall and later is welcomed by Gerty Hardin.
    b. The relationship is not a subjective interpretation; it is explicitly stated in the chapter outlines.
    c. The relationship makes sense based on the book summary and chapter outline, as it reflects the interactions and movements of Innes Hardin within the narrative.

Since all atomic parts are grounded in the chapter outlines, and the relationship between them is valid and meaningful, the claim is consistent with the provided information."
"Brandon, initially encountered by Hardin during a philosophical conversation by the river, later arrives at the camp as a representative of the Sun newspaper and is given a tent next to Rickard's.","In Chapter 22, Brandon engages Hardin in a philosophical conversation about life, success, and acceptance while walking along the river. Later, in Chapter 27, Brandon arrives at the camp as a representative of the Sun newspaper and is given a tent next to Rickard's. This progression shows Brandon's evolving role in the story, from a chance encounter with Hardin to becoming a more permanent presence in the camp, potentially influencing the narrative through his journalistic work.","Chapter 22, 27","- Chapter 22, item 2: Brandon encounters Hardin and engages him in a philosophical conversation about life, success, and acceptance while walking along the river.
- Chapter 27, item 1: Brandon, sent by the Sun newspaper, arrives at the camp and is given a tent next to Rickard's.
- Relationship: Brandon's involvement in the camp and interactions with characters",Unique,Valid claim,VALID,"1. Analysis of atomic parts:
    a. ""Brandon, initially encountered by Hardin during a philosophical conversation by the river"": This part is grounded in Chapter 22, where Brandon engages Hardin in a philosophical conversation by the river.
    b. ""later arrives at the camp as a representative of the Sun newspaper"": This part is grounded in Chapter 27, where Brandon arrives at the camp and is associated with the Sun newspaper.
    c. ""is given a tent next to Rickard's"": This part is also grounded in Chapter 27, where Brandon is given a tent next to Rickard's.

2. Analysis of the relationship between atomic parts:
    a. The relationship is objectively valid and meaningful. The claim establishes a sequence of events where Brandon is first introduced in a conversation with Hardin and later arrives at the camp in a professional capacity.
    b. The relationship is not a subjective interpretation; it is explicitly stated in the chapter outline.
    c. The relationship makes sense based on the book summary and chapter outline. There is no contradiction, and the sequence of events is coherent with the narrative provided.

Since all atomic parts are grounded in the chapter outline and the relationship between them is valid and meaningful, the claim is consistent with the information provided."
"The river breaking through the levee, as reported by MacLean, leads to Rickard and Hardin working together to close the breach by dumping rocks into the river.","In Chapter 8, MacLean brings urgent news about the river breaking through the levee. This event directly leads to the action described in Chapter 17, where Rickard and Hardin lead workers in dumping rocks into the river to close the breach. This fact demonstrates a clear cause-and-effect relationship between the two events.","Chapter 8, 17","- Chapter 8, item 4: MacLean interrupts the party on horseback, bringing urgent news about the river breaking through the levee.
- Chapter 17, item 2: Throughout the day and night, workers led by Rickard and Hardin tirelessly dump rocks into the river to close the breach.
- Relationship: Cause and effect",Unique,Valid claim,VALID,"1. Analysis of atomic parts:
   a. ""The river breaking through the levee, as reported by MacLean"": This part is grounded in event 4 of Chapter 8, where MacLean interrupts the party with urgent news about the river breaking through the levee.
   b. ""leads to Rickard and Hardin working together to close the breach by dumping rocks into the river"": This part is grounded in Chapter 17, where Rickard and Hardin work together to dump rocks into the river to close the breach.

2. Analysis of the relationship between atomic parts:
   a. The relationship is objectively valid and meaningful. The river breaking through the levee is a critical event that necessitates action, leading to Rickard and Hardin working together to address the breach.
   b. The relationship is not a subjective interpretation; it is a logical sequence of events where the initial problem (the river breaking through the levee) results in a collaborative effort to solve it.
   c. The relationship makes sense based on the book summary and chapter outline. The summary describes the challenges faced by the characters, including managing the river, and the chapter outlines provide specific events that align with the claim.

Since all considerations are satisfied, the claim is VALID."
"Rickard experiences the poor conditions of the Desert Hotel and later suggests improvements to the Desert Bank's appearance, demonstrating his attention to the town's infrastructure.","In Chapter 15, Rickard checks into a dusty, poorly maintained room at the Desert Hotel. Later, in Chapter 39, he suggests finishing the sign on the Desert Bank's window to maintain a positive appearance. These two instances show Rickard's consistent attention to the town's infrastructure and his desire to improve conditions, even in small ways.","Chapter 15, 39","- Chapter 15, item 2: Rickard checks into the only available room at the Desert Hotel, which is dusty and poorly maintained.
- Chapter 39, item 3: Rickard visits the Desert Bank and suggests finishing the sign on the window to maintain a positive appearance.
- Relationship: Character's consistent behavior",Unique,Valid claim,INVALID,"1. Analysis of atomic parts:
   a. Rickard experiences the poor conditions of the Desert Hotel: This part is grounded in event 2 of Chapter 15, where Rickard checks into a dusty and poorly maintained room at the Desert Hotel.
   b. Rickard later suggests improvements to the Desert Bank's appearance: This part is grounded in event 3 of Chapter 39, where Rickard suggests finishing the sign on the window to maintain a positive appearance.
   c. Demonstrating his attention to the town's infrastructure: This part is a subjective interpretation, as the claim infers that Rickard's actions regarding the hotel and the bank demonstrate a broader attention to infrastructure, which is not explicitly stated in the summary or outline.

2. Analysis of the relationship between atomic parts:
   a. The relationship between experiencing poor conditions at the hotel and suggesting improvements at the bank is not explicitly stated in the chapter outline. The claim implies a causal or motivational link, which is not directly supported by the text.
   b. The relationship is a subjective interpretation, as it assumes that Rickard's actions at the bank are influenced by his experience at the hotel, which is not explicitly mentioned.
   c. The relationship does not contradict any information in the summary or outline, but it is not explicitly supported either.

Since 1c. and 2a. are not satisfied, the claim is INVALID."
Rickard's discussions about the river with Estrada in his car and his interaction with Indian children's miniature river project lead to an engineering epiphany about borrow-pits.,"In Chapter 18, Rickard discusses maps and pictures of the river with Estrada in his car. Later, in Chapter 35, while helping Indian children with their miniature river project, Rickard has an engineering epiphany about borrow-pits. This fact demonstrates how Rickard's understanding of the river project evolves through different interactions and observations, ultimately leading to a new insight.","Chapter 18, 35","- Chapter 18, item 5: Estrada invites Rickard to his car for lunch and to discuss maps and pictures of the river.
- Chapter 35, item 3: While walking, Rickard helps Indian children with their miniature river project and has an engineering epiphany about borrow-pits.
- Relationship: Character development and problem-solving",Unique,Valid claim,INVALID,"1. Analysis of atomic parts:
   a. ""Rickard's discussions about the river with Estrada in his car"": This part is grounded in event 6 of Chapter 18, where Rickard spends the afternoon in Estrada's car, learning about the history of the river project.
   b. ""his interaction with Indian children's miniature river project"": This part is grounded in event 3 of Chapter 35, where Rickard helps Indian children with their miniature river project.
   c. ""lead to an engineering epiphany about borrow-pits"": This part is grounded in event 4 of Chapter 35, where Rickard discusses his new idea with Parrish.

2. Analysis of the relationship between atomic parts:
   a. The relationship suggests a causal link between Rickard's discussions and interactions leading to an engineering epiphany. However, the chapter outline does not explicitly connect the discussions with Estrada to the epiphany about borrow-pits. The epiphany is directly linked to his interaction with the Indian children's project.
   b. The relationship between the discussions with Estrada and the epiphany is a subjective interpretation, as the outline does not explicitly state that the discussions contributed to the epiphany.
   c. The relationship does not contradict any information in the summary or outline, but it lacks explicit support for the connection between the discussions with Estrada and the epiphany.

Since the claim relies on a subjective interpretation that is not explicitly supported by the chapter outline, it is INVALID."
Godfrey's arrival at the camp as a volunteer in the kitchen precedes Gerty's attempt to manipulate Tom into reporting Rickard's alleged impropriety to Tod Marshall.,"In Chapter 27, Godfrey arrives at the camp and volunteers to help in the kitchen. Later, in Chapter 37, Gerty tries to manipulate Tom into reporting Rickard's alleged relationship with a Mexican woman. This fact shows how the arrival of a new character (Godfrey) potentially influences the dynamics in the camp, leading to Gerty's actions to create conflict between Rickard and Marshall.","Chapter 27, 37","- Chapter 27, item 5: Godfrey, a celebrated English tenor, arrives at the camp and volunteers to help in the kitchen.
- Chapter 37, item 5: Gerty attempts to manipulate Tom Hardin into reporting Rickard's alleged relationship with a Mexican woman to Tod Marshall.
- Relationship: Character interactions and conflicts",Unique,Valid claim,VALID,"1. Analysis of atomic parts:
   a. ""Godfrey's arrival at the camp as a volunteer in the kitchen"": This part is grounded in event 5 of Chapter 27, where Godfrey, a celebrated English tenor, arrives at the camp and volunteers to help in the kitchen.
   b. ""Gerty's attempt to manipulate Tom into reporting Rickard's alleged impropriety to Tod Marshall"": This part is grounded in event 5 of Chapter 37, where Gerty attempts to manipulate Tom Hardin into reporting Rickard's alleged relationship with a Mexican woman to Tod Marshall.

2. Analysis of the relationship between atomic parts:
   a. The relationship is temporal, as Godfrey's arrival and volunteering in the kitchen occurs in Chapter 27, while Gerty's attempt to manipulate Tom occurs in Chapter 37. This suggests that Godfrey's arrival precedes Gerty's actions.
   b. The relationship is not a subjective interpretation; it is based on the sequence of events in the chapter outlines.
   c. The relationship does not contradict any information in the book summary or chapter outline. The claim is consistent with the sequence of events provided.

Since both atomic parts are grounded in the chapter outlines, and the relationship between them is valid and consistent with the information provided, the claim is VALID."
Rickard's concern for project infrastructure spans from checking potential earthquake damage at the Crossing and Grant's Heading to confronting Hardin about delayed dredge machinery for Yuma.,"In Chapter 4, Rickard calls various locations, including the Crossing and Grant's Heading, to check for potential earthquake damage. Later, in Chapter 19, he confronts Hardin about delayed dredge machinery meant for Yuma. This demonstrates Rickard's ongoing attention to different aspects of the project's infrastructure across multiple locations and timeframes.","Chapter 4, 19","- Chapter 4, item 2: Rickard calls various locations to check on potential damage, including the Crossing and Grant's Heading.
- Chapter 19, item 3: Rickard confronts Hardin about the delayed order of dredge machinery, which was supposed to be sent to Yuma.
- Relationship: Central element (project infrastructure)",Unique,Valid claim,VALID,"1. Analysis of atomic parts:
   a. ""Rickard's concern for project infrastructure spans from checking potential earthquake damage at the Crossing and Grant's Heading"": This part is grounded in events 1 and 2 of Chapter 4, where Rickard checks for potential earthquake damage at these locations.
   b. ""confronting Hardin about delayed dredge machinery for Yuma"": This part is grounded in event 5 of Chapter 4, where Rickard confronts Hardin about the delayed order of dredge machinery.

2. Analysis of the relationship between atomic parts:
   a. The relationship is objectively valid and meaningful. Both parts of the claim describe actions taken by Rickard that demonstrate his concern for the project's infrastructure. Checking for earthquake damage and addressing the issue of delayed machinery are both related to ensuring the project's success and safety.
   b. The relationship is not a subjective interpretation; it is explicitly grounded in the chapter outline.
   c. The relationship makes sense based on the book summary and chapter outline. Rickard's role as a methodical and efficient engineer involves addressing various challenges related to the project infrastructure, which aligns with the actions described in the claim.

Since all considerations are satisfied, the claim is VALID."
Rickard's interactions with Innes evolve from sending her home with an escort after encountering her at the levee to comforting her when she's frightened by a potential fugitive sighting.,"In Chapter 15, Rickard sends Innes home with Parrish as an escort after encountering her at the levee, showing a protective but distant attitude. Later, in Chapter 35, when Innes runs to Rickard frightened by a potential fugitive sighting, their interaction becomes more personal and comforting. This progression demonstrates the changing dynamic between Rickard and Innes over time.","Chapter 15, 35","- Chapter 15, item 4: Rickard arrives by train and encounters Innes, sending her home with Parrish as an escort.
- Chapter 35, item 5: Innes runs to Rickard, frightened after seeing a face in the brush that matches the description of the fugitive.
- Relationship: Central elements (Rickard and Innes)",Unique,Valid claim,INVALID,"1. Analysis of atomic parts:
    a. ""Rickard's interactions with Innes evolve from sending her home with an escort after encountering her at the levee"": This part is not explicitly grounded in the chapter outline. There is no mention of Rickard sending Innes home with an escort after encountering her at the levee in either Chapter 15 or Chapter 35.
    b. ""comforting her when she's frightened by a potential fugitive sighting"": This part is grounded in event 6 of Chapter 35, where Rickard and Innes walk back to camp together after she is frightened by seeing a face in the brush that matches the description of the fugitive.

2. Analysis of the relationship between atomic parts:
    a. The relationship suggests an evolution in Rickard's interactions with Innes, which is a meaningful progression. However, the first part of the claim is not supported by the chapter outline, making the relationship not fully grounded in the provided information.
    b. The relationship is a subjective interpretation, as the claim suggests an evolution that is not explicitly detailed in the chapter outline.
    c. The relationship does not contradict any information in the summary or outline, but it lacks full support from the provided details.

Since 1a. is not satisfied and 2a. and 2b. are not fully supported by the chapter outline, the claim is INVALID."
The river project's international dimension is evident from Rickard learning its history from Estrada to Mexico threatening to withdraw water concessions over damage suits.,"In Chapter 18, Rickard spends time in Estrada's car learning about the history of the river project and Hardin's involvement, which likely includes international aspects given the project's location. Later, in Chapter 29, de la Vega delivers a message from Mexico threatening to withdraw water concessions if damage suits aren't dropped, directly highlighting the project's international nature and complications. This progression shows how the international aspects of the project become increasingly significant and potentially problematic over time.","Chapter 18, 29","- Chapter 18, item 6: Rickard spends the afternoon in Estrada's car, learning about the history of the river project and Hardin's involvement.
- Chapter 29, item 4: De la Vega delivers a message from Mexico, threatening to withdraw the water concession if damage suits are not dropped.
- Relationship: Central element (international aspects of the river project)",Unique,Valid claim,VALID,"1. Analysis of atomic parts:
    a. ""Rickard learning its history from Estrada"": This part is grounded in Chapter 18, where Rickard spends the afternoon in Estrada's car, learning about the history of the river project and Hardin's involvement.
    b. ""Mexico threatening to withdraw water concessions over damage suits"": This part is grounded in Chapter 29, where de la Vega delivers a message from Mexico, threatening to withdraw the water concession if damage suits are not dropped.

2. Analysis of the relationship between atomic parts:
    a. The relationship is meaningful and objectively valid. The claim highlights the international dimension of the river project by connecting Rickard's learning about the project's history, which likely includes its international aspects, to a specific international political issue involving Mexico.
    b. The relationship is not a subjective interpretation; it is explicitly grounded in the chapter outline, which shows the involvement of Mexican interests in the river project.
    c. The relationship makes sense based on the book summary and chapter outline, as the summary mentions the complex relationships between the United States and Mexico, which is consistent with the international dimension highlighted in the claim.

Since all considerations are satisfied, the claim is VALID."
Rickard's initial promise to protect Lucrezia Maldonado and investigate her situation evolves into a reluctance to intervene in the family's domestic issues.,"In Chapter 5, Rickard promises to protect Lucrezia and look into her situation. However, in Chapter 33, when Rickard and MacLean hear a cry from inside Maldonado's adobe, they discuss their inability to intervene. This change shows Rickard's evolving stance on involvement in the Maldonado family's domestic issues.","Chapter 5, 33","- Chapter 5, item 7: Rickard arranges for Lucrezia to stay in the camp and work, promising to look into the situation and protect her.
- Chapter 33, item 7: As Rickard and MacLean leave Maldonado's adobe, they hear a cry from inside and discuss their inability to intervene.
- Relationship: Character development (Rickard's approach to Maldonado family issues)",Unique,Valid claim,VALID,"1. Analysis of atomic parts:
   a. ""Rickard's initial promise to protect Lucrezia Maldonado and investigate her situation"": This part is grounded in Chapter 5, where Rickard arranges for Lucrezia to stay in the camp and promises to look into the situation and protect her.
   b. ""evolves into a reluctance to intervene in the family's domestic issues"": This part is grounded in Chapter 33, where Rickard and MacLean discuss their inability to intervene after hearing a cry from inside Maldonado's adobe.

2. Analysis of the relationship between atomic parts:
   a. The relationship is meaningful and objectively valid. It shows a progression from Rickard's initial promise to protect and investigate to a later reluctance to intervene, indicating a change in his approach or ability to handle the situation.
   b. The relationship is not a subjective interpretation; it is supported by the events described in the chapter outlines.
   c. The relationship makes sense based on the book summary and chapter outline, as it reflects the challenges Rickard faces in dealing with complex personal and professional situations.

Since all considerations are satisfied, the claim is VALID."
"Rickard's living conditions deteriorate from contemplating a long-term stay in Tucson to checking into a dusty, poorly maintained room at the Desert Hotel.","In Chapter 3, Rickard is shown reflecting on his career and the possibility of staying long-term in Tucson, suggesting a more optimistic outlook. However, in Chapter 15, he checks into a dusty and poorly maintained room at the Desert Hotel, indicating a significant change in his living conditions and possibly his career trajectory. This contrast highlights the challenges Rickard faces in his new assignment.","Chapter 3, 15","- Chapter 3, item 4: Rickard looks out the window, observing Tucson and reflecting on his career and the possibility of staying long-term.
- Chapter 15, item 4: Rickard checks into the only available room at the Desert Hotel, which is dusty and poorly maintained.
- Relationship: Contrast in living conditions and career prospects",Unique,Valid claim,VALID,"1. Analysis of atomic parts:
    a. ""Rickard's living conditions deteriorate from contemplating a long-term stay in Tucson"": This part is grounded in Chapter 3, where Rickard reflects on his career and the possibility of staying long-term in Tucson while waiting in a well-maintained office.
    b. ""to checking into a dusty, poorly maintained room at the Desert Hotel"": This part is grounded in Chapter 15, where Rickard checks into a dusty and poorly maintained room at the Desert Hotel in Calexico.

2. Analysis of the relationship between atomic parts:
    a. The relationship is objectively valid and meaningful, as it describes a change in Rickard's living conditions from a potentially stable and comfortable situation in Tucson to a less desirable one in Calexico.
    b. The relationship is not a subjective interpretation; it is based on the factual description of Rickard's living conditions in the two different locations.
    c. The relationship makes sense based on the book summary and chapter outline, as it reflects the challenges Rickard faces in his new role and the less favorable conditions he encounters.

Since all considerations are satisfied, the claim is VALID."
"Despite Rickard's initial reluctance to take the job due to his history with Hardin, he later approaches the Hardins' table and accepts Gerty's dinner invitation.","In Chapter 6, Rickard is hesitant to accept the job because of his personal history with Hardin. However, in Chapter 15, we see Rickard approaching the Hardins' table and accepting Gerty's dinner invitation. This change in behavior suggests that Rickard is attempting to navigate his complex personal relationships while fulfilling his professional duties.","Chapter 6, 15","- Chapter 6, item 4: Rickard expresses reluctance to take the job due to personal reasons, particularly his history with Hardin.
- Chapter 15, item 5: Rickard approaches the Hardins' table and is introduced to them, with Gerty inviting him to dinner on Thursday.
- Relationship: Evolution of personal relationships",Unique,Valid claim,VALID,"1. Analysis of atomic parts:
    a. ""Rickard's initial reluctance to take the job due to his history with Hardin"": This part is grounded in event 4 of Chapter 6, where Rickard expresses reluctance to take the job because of his history with Hardin.
    b. ""he later approaches the Hardins' table"": This part is grounded in event 5 of Chapter 15, where Rickard approaches the Hardins' table.
    c. ""accepts Gerty's dinner invitation"": This part is grounded in event 5 of Chapter 15, where Gerty invites Rickard to dinner on Thursday.

2. Analysis of the relationship between atomic parts:
    a. The relationship is meaningful and valid. Rickard's initial reluctance is overcome, as evidenced by his later actions of approaching the Hardins and accepting Gerty's invitation. This progression is consistent with the narrative of Rickard moving past his personal concerns to fulfill his professional duties.
    b. The relationship is not a subjective interpretation; it is explicitly grounded in the chapter outline.
    c. The relationship makes sense based on the book summary and chapter outline, as it reflects Rickard's development and the dynamics between the characters.

Since all atomic parts are grounded in the chapter outline and the relationship between them is meaningful and coherent with the narrative, the claim is VALID."
"Rickard's project faces multiple infrastructure challenges, from a minor earthquake causing no significant damage to a rock train derailment on a newly constructed spur-track delaying the rock-fill closure plan.","In Chapter 4, Rickard deals with a minor earthquake, checking for damage at various locations including the Crossing and Grant's Heading. Later, in Chapter 17, a more serious incident occurs when a rock train derails on a newly constructed spur-track, causing a delay in the rock-fill closure plan. These events demonstrate the ongoing infrastructure challenges Rickard faces throughout the project, ranging from natural disasters to construction-related issues.","Chapter 4, 17","- Chapter 4, item 1: A slight earthquake occurs, causing minor disturbances in Rickard's location and sparking discussions among the residents.
- Chapter 4, item 2: Rickard calls various locations to check on potential damage, including the Crossing and Grant's Heading, finding no significant issues.
- Chapter 17, item 1: A rock train derails on a newly constructed spur-track, causing a delay in the rock-fill closure plan.
- Relationship: Infrastructure challenges and natural disasters",Unique,Valid claim,INVALID,"1. Analysis of atomic parts:
    a. ""Rickard's project faces multiple infrastructure challenges"": This part is consistent with the book summary, which describes the logistical nightmares and challenges Rickard faces in managing the engineering project.
    b. ""from a minor earthquake causing no significant damage"": This part is grounded in Chapter 4, where a slight earthquake occurs, causing minor disturbances but no significant damage.
    c. ""to a rock train derailment on a newly constructed spur-track delaying the rock-fill closure plan"": This part is not mentioned in either the book summary or the chapter outline. There is no reference to a rock train derailment or a newly constructed spur-track in the provided materials.

2. Analysis of the relationship between atomic parts:
    a. The relationship between the earthquake and the unspecified rock train derailment is not explicitly stated in the summary or outline. The claim suggests a sequence of infrastructure challenges, but without evidence of the derailment, the relationship is not grounded in the provided information.
    b. The relationship is a subjective interpretation and not explicitly grounded in the summary or outline.
    c. The relationship does not contradict any information in the summary or outline, but it lacks support for the derailment part.

Since part 1c. is not grounded in the provided materials, and the relationship in 2a. is not explicitly supported, the claim is INVALID."
"While Captain Brandon extols the advantages of desert soil and irrigation systems, the project faces financial challenges as the railroad threatens to withhold funding unless damage suits are withdrawn.","In Chapter 9, Captain Brandon explains the benefits of desert soil and irrigation systems, highlighting the agricultural potential of the area. However, in Chapter 29, we see that the project faces significant financial challenges, with Marshall presenting an ultimatum from Faraday that the railroad will not advance more money unless damage suits are withdrawn. This contrast illustrates the tension between the region's agricultural promise and the financial and legal obstacles facing the irrigation project.","Chapter 9, 29","- Chapter 9, item 5: Captain Brandon explains the advantages of desert soil and irrigation systems.
- Chapter 29, item 4: Marshall presents Faraday's ultimatum: the railroad will not advance more money unless damage suits are withdrawn.
- Relationship: Contrast between agricultural potential and financial challenges",Unique,Valid claim,VALID,"1. Analysis of atomic parts:
   a. ""Captain Brandon extols the advantages of desert soil and irrigation systems"": This part is grounded in event 5 of Chapter 9, where Captain Brandon explains the advantages of desert soil and irrigation systems.
   b. ""the project faces financial challenges as the railroad threatens to withhold funding unless damage suits are withdrawn"": This part is grounded in events 3 and 4 of Chapter 29, where de la Vega delivers a message about withdrawing damage suits, and Marshall presents Faraday's ultimatum regarding the railroad's funding.

2. Analysis of the relationship between atomic parts:
   a. The relationship is meaningful as it connects the technical and environmental advantages extolled by Captain Brandon with the financial and legal challenges faced by the project. This juxtaposition highlights the complexity of the project, where technical feasibility is not the only concern, but financial and legal issues also play a critical role.
   b. The relationship is not a subjective interpretation; it is an objective connection between the technical discussions in Chapter 9 and the financial/legal challenges in Chapter 29.
   c. The relationship makes sense based on the book summary and chapter outline, as the narrative explores the challenges faced by the engineers and settlers, including financial and legal issues.

Since all considerations are satisfied, the claim is VALID."
"Tod Marshall initially convinces Rickard to take on the Colorado River project and later approves Rickard's plan to ""take the fighting chance"" with the project via telegram.","This fact shows the ongoing relationship between Marshall and Rickard, demonstrating Marshall's continued support for Rickard's decisions regarding the project. It connects Marshall's initial persuasion of Rickard to take the job with his later approval of Rickard's risky plan.","Chapter 6, 11","- Chapter 6, item 6: Rickard, moved by Marshall's words, agrees to take on the job of controlling the Colorado River.
- Chapter 11, item 7: Rickard receives a telegram from Tod Marshall approving his plan to ""take the fighting chance"" with the project.
- Relationship: Marshall's continued support for Rickard's decisions.",Unique,Valid claim,VALID,"1. Analysis of each atomic part:
   a. ""Tod Marshall initially convinces Rickard to take on the Colorado River project"": This part is grounded in Chapter 6, where Marshall informs Rickard about the project and delivers an impassioned speech that convinces Rickard to take on the job.
   b. ""Later approves Rickard's plan to 'take the fighting chance' with the project via telegram"": This part is grounded in Chapter 11, where Rickard receives a telegram from Tod Marshall approving his plan.

2. Analysis of the relationship between atomic parts:
   a. The relationship is objectively valid and meaningful. The claim establishes a sequence of events where Marshall first convinces Rickard to take on the project and later supports his plan, showing a consistent and supportive role in Rickard's efforts.
   b. The relationship is not a subjective interpretation; it is explicitly stated in the chapter outline.
   c. The relationship makes sense based on the book summary and chapter outline, as it aligns with the narrative of Rickard taking on the project and receiving support from Marshall.

Since all considerations are satisfied, the claim is VALID."
Rickard asserts his authority as the new general manager by dismissing Ogilvie from a meeting and later taking over his office.,"This fact demonstrates Rickard's consistent efforts to establish his authority in his new role. It connects two separate instances where Rickard directly asserts his position over Ogilvie, showing the progression of Rickard's leadership within the company.","Chapter 15, 18","- Chapter 15, item 3: Rickard dismisses Ogilvie from the meeting, establishing his authority as the new manager.
- Chapter 18, item 3: Rickard meets Ogilvie, the auditor, and takes over his office, establishing himself as the new general manager.
- Relationship: Rickard's assertion of authority over Ogilvie on multiple occasions.",Unique,Valid claim,INVALID,"1. Analysis of atomic parts:
   a. ""Rickard asserts his authority as the new general manager"": This part is consistent with the summary, which describes Rickard taking charge and facing challenges as the new general manager. It is also supported by Chapter 18, where Rickard takes over the office and establishes himself as the new general manager.
   b. ""by dismissing Ogilvie from a meeting"": There is no mention in the chapter outline of Rickard dismissing Ogilvie from a meeting. The outline only states that Rickard meets Ogilvie and takes over his office.
   c. ""later taking over his office"": This part is grounded in event 3 of Chapter 18, where Rickard takes over Ogilvie's office.

2. Analysis of the relationship between atomic parts:
   a. The relationship between asserting authority and taking over the office is meaningful and supported by the chapter outline, as taking over an office can be seen as an assertion of authority.
   b. The relationship involving dismissing Ogilvie from a meeting is not supported by the chapter outline, as there is no mention of such an event.
   c. The relationship does not contradict any information in the summary or outline, but the claim about dismissing Ogilvie is not substantiated by the provided details.

Since part 1b is not grounded in the chapter outline, the claim is INVALID."
"Rickard observes his surroundings in both Tucson and Calexico, reflecting on his career prospects in Tucson and later familiarizing himself with the local atmosphere in Calexico's Desert Hotel.","In Chapter 3, Rickard looks out the window in Tucson, contemplating his career and the possibility of staying long-term. Later, in Chapter 15, he enters the hotel dining room in Calexico and observes the local atmosphere and patrons. This fact demonstrates Rickard's attentiveness to his surroundings in different locations as he progresses through his career.","Chapter 3, 15","- Chapter 3, item 4: Rickard looks out the window, observing Tucson and reflecting on his career and the possibility of staying long-term.
- Chapter 15, item 4: Rickard enters the hotel dining room and observes the local atmosphere and patrons.
- Relationship: Rickard's observations of different locations",Unique,Valid claim,VALID,"1. Analysis of atomic parts:
   a. ""Rickard observes his surroundings in both Tucson and Calexico"": This part is grounded in the chapter outlines. In Chapter 3, Rickard observes Tucson while waiting in the office (event 4). In Chapter 15, he observes the local atmosphere in the Desert Hotel dining room (event 3).
   b. ""reflecting on his career prospects in Tucson"": This part is grounded in Chapter 3, where Rickard reflects on his career while looking out the window (event 4).
   c. ""later familiarizing himself with the local atmosphere in Calexico's Desert Hotel"": This part is grounded in Chapter 15, where Rickard observes the local atmosphere in the hotel dining room (event 3).

2. Analysis of the relationship between atomic parts:
   a. The relationship is objectively valid and meaningful. The claim describes Rickard's actions and reflections in two different locations, which are consistent with the events in the chapter outlines.
   b. The relationship is not a subjective interpretation; it is explicitly stated in the chapter outlines.
   c. The relationship makes sense based on the book summary and chapter outline. There is no contradiction with the summary, as it describes Rickard's role and challenges in the narrative.

Since all atomic parts are grounded in the chapter outlines, and the relationship between them is valid and meaningful, the claim is consistent with the provided information."
"Rickard learns about the river project's history, including Estrada's initial involvement and Hardin's mismanagement, first from Marshall in Tucson and later in more detail from Estrada himself.","In Chapter 6, Marshall provides Rickard with background information about the river project, mentioning Estrada's initial involvement and Hardin's mismanagement. Later, in Chapter 18, Rickard spends an afternoon in Estrada's car, learning more detailed information about the project's history and Hardin's involvement directly from Estrada. This fact shows how Rickard gains a comprehensive understanding of the project's background from multiple sources.","Chapter 6, 18","- Chapter 6, item 3: Marshall explains the background of the river project, including Estrada's initial involvement and Hardin's subsequent mismanagement.
- Chapter 18, item 6: Rickard spends the afternoon in Estrada's car, learning about the history of the river project and Hardin's involvement.
- Relationship: Information about the river project's history",Unique,Valid claim,VALID,"1. Analysis of atomic parts:
   a. ""Rickard learns about the river project's history, including Estrada's initial involvement and Hardin's mismanagement, first from Marshall in Tucson"": This part is grounded in Chapter 6, where Marshall informs Rickard about the Colorado River situation, including Estrada's initial involvement and Hardin's mismanagement.
   b. ""later in more detail from Estrada himself"": This part is grounded in Chapter 18, where Rickard spends the afternoon with Estrada, learning about the history of the river project and Hardin's involvement.

2. Analysis of the relationship between atomic parts:
   a. The relationship is meaningful and valid, as it describes a sequence of events where Rickard first learns about the project from Marshall and then receives more detailed information from Estrada.
   b. The relationship is not a subjective interpretation; it is explicitly supported by the chapter outlines.
   c. The relationship makes sense based on the book summary and chapter outline, as it aligns with the narrative of Rickard taking over the project and needing to understand its history and challenges.

Since all parts of the claim are grounded in the chapter outlines and the relationship between them is meaningful and coherent with the provided information, the claim is VALID."
Tod Marshall's involvement in the project ranges from approving Rickard's risky plan via telegram to personally delivering an ultimatum about funding contingent on the withdrawal of damage suits.,"In Chapter 17, Rickard receives a telegram from Marshall approving his plan to ""take the fighting chance"" with the project. Later, in Chapter 29, Marshall personally presents Faraday's ultimatum that the railroad will not advance more money unless damage suits are withdrawn. This fact demonstrates Marshall's ongoing involvement in crucial project decisions, from remote approvals to direct negotiations.","Chapter 17, 29","- Chapter 17, item 6: Rickard receives a telegram from Tod Marshall approving his plan to ""take the fighting chance"" with the project.
- Chapter 29, item 5: Marshall presents Faraday's ultimatum: the railroad will not advance more money unless damage suits are withdrawn.
- Relationship: Marshall's involvement in project decisions",Unique,Valid claim,INVALID,"1. Analysis of atomic parts:
   a. ""Tod Marshall's involvement in the project ranges from approving Rickard's risky plan via telegram"": This part is not explicitly grounded in the chapter outline or book summary. There is no mention of Marshall approving Rickard's plan via telegram in the provided materials.
   b. ""to personally delivering an ultimatum about funding contingent on the withdrawal of damage suits"": This part is grounded in Chapter 29, where Marshall presents Faraday's ultimatum that the railroad will not advance more money unless damage suits are withdrawn.

2. Analysis of the relationship between atomic parts:
   a. The relationship suggests a range of involvement by Tod Marshall, from remote approval to direct intervention. However, the first part of the claim is not supported by the provided materials, making the relationship incomplete.
   b. The relationship is not explicitly stated in the summary or outline, and the first part of the claim is an assumption not grounded in the text.
   c. The relationship does not contradict any information in the summary or outline, but it lacks support for the first part of the claim.

Since the first atomic part is not grounded in the provided materials, the claim is not fully supported by the text, making it INVALID."
"Rickard personally checks various locations for earthquake damage and later supervises levee construction, demonstrating his hands-on approach to project management.",This fact combines specific details from two different chapters to illustrate Rickard's consistent hands-on management style. It shows how Rickard personally handles both crisis situations (checking for earthquake damage) and ongoing critical tasks (supervising levee construction).,"Chapter 4, 11","- Chapter 4, item 2: Rickard calls various locations to check on potential damage, including the Crossing and Grant's Heading, finding no significant issues.
- Chapter 11, item 4: Rickard spends most of his time supervising the levee construction, unable to trust anyone else with the task.
- Relationship: Rickard's hands-on approach to project management",Unique,Valid claim,VALID,"1. Analysis of atomic parts:
    a. ""Rickard personally checks various locations for earthquake damage"": This part is grounded in Chapter 4, where Rickard calls various locations to check for potential damage after the earthquake.
    b. ""Rickard later supervises levee construction"": This part is grounded in Chapter 11, where Rickard spends most of his time supervising the levee construction.
2. Analysis of the relationship between atomic parts:
    a. The relationship is objectively valid and meaningful, as both actions demonstrate Rickard's hands-on approach to project management. Checking for earthquake damage and supervising construction are both direct actions taken by Rickard to manage the project effectively.
    b. The relationship is not a subjective interpretation; it is explicitly supported by the chapter outline.
    c. The relationship makes sense based on the book summary and chapter outline, as Rickard is portrayed as a methodical and efficient engineer who takes charge of the project and faces numerous challenges, which aligns with his hands-on approach.

Since all considerations are satisfied, the claim is VALID."
"Rickard's letters to Gerty, one brought home by Tom and another sent from Imperial, cause tension in the Hardin household.",This fact combines specific instances from two different chapters to show how Rickard's correspondence with Gerty consistently creates tension in her marriage to Tom Hardin. It demonstrates a pattern of communication that affects the dynamics between the characters.,"Chapter 2, 19","- Chapter 2, item 3: Tom Hardin brings home a letter from Rickard addressed to Gerty, causing tension during their dinner.
- Chapter 19, item 7: Gerty reveals she received a letter from Rickard, sent from Imperial, further angering Hardin.
- Relationship: Rickard's correspondence with Gerty and its impact on her relationship with Tom",Unique,Valid claim,VALID,"1. Analysis of atomic parts:
    a. ""Rickard's letters to Gerty, one brought home by Tom"": This part is grounded in Chapter 2, where Tom brings home a letter from Rickard addressed to Gerty.
    b. ""another sent from Imperial"": This part is grounded in Chapter 19, where Gerty reveals she received a letter from Rickard sent from Imperial.
    c. ""cause tension in the Hardin household"": This part is supported by the events in both chapters. In Chapter 2, the letter brought home by Tom causes tension during dinner. In Chapter 19, the letter from Imperial further angers Hardin, indicating tension.

2. Analysis of the relationship between atomic parts:
    a. The relationship is objectively valid and meaningful. The letters from Rickard are directly linked to causing tension in the Hardin household, as evidenced by the reactions of Tom and the subsequent anger and tension described in both chapters.
    b. The relationship is not a subjective interpretation; it is explicitly supported by the events in the chapter outlines.
    c. The relationship makes sense based on the book summary and chapter outline, as the narrative involves personal and professional rivalries and tensions, particularly involving Rickard and the Hardin family.

Since all considerations are satisfied, the claim is VALID."
"Hardin's proposal to complete his head-gate project leads to a heated debate, and later, the gate rises and drifts away, destroying months of work.","This fact connects two significant events related to Hardin's head-gate project. In Chapter 13, Hardin proposes completing the project, which leads to a heated debate about its feasibility. Later, in Chapter 31, we see the dramatic failure of this project when the gate suddenly rises and drifts away, destroying months of work. This progression shows the controversial nature of the project from its proposal to its ultimate failure.","Chapter 13, Chapter 31","- Chapter 13, item 4: Hardin proposes completing his head-gate project, leading to a heated debate about its feasibility and Marshall's intentions.
- Chapter 31, item 5: While observing the river, the group witnesses the gate suddenly rise and drift away, destroying months of work.
- Relationship: Proposal and eventual failure of the head-gate project",Unique,Valid claim,INVALID,"1. Analysis of atomic parts:
   a. ""Hardin's proposal to complete his head-gate project leads to a heated debate"": This part is grounded in event 4 of Chapter 13, where Hardin's proposal indeed leads to a heated debate.
   b. ""the gate rises and drifts away, destroying months of work"": This part is grounded in event 5 of Chapter 31, where the gate rises and drifts away, destroying months of work.

2. Analysis of the relationship between atomic parts:
   a. The relationship between the two parts is not meaningful or directly connected. The claim suggests a causal or consequential relationship between Hardin's proposal and the gate's destruction, but the chapter outline does not support this. The events occur in different chapters and are not linked by any direct cause-and-effect relationship.
   b. The relationship is a subjective interpretation and not explicitly grounded in the summary or outline. The outline does not indicate that the debate over the head-gate project is related to the gate's eventual destruction.
   c. There is no contradiction in the information provided, but the relationship is not established in the summary or outline.

Since the relationship between the atomic parts is not meaningful or explicitly stated, the claim is INVALID."
"While Rickard initially found no significant damage at various locations after the earthquake, later flood waters in Mexicali caused a railroad car to topple into the water.","This fact highlights the changing nature of the challenges faced by the project. In Chapter 4, Rickard's initial assessment after the earthquake shows no significant damage at various locations, including the Crossing and Grant's Heading. However, in Chapter 32, we see a more severe incident where flood waters in Mexicali cause a railroad car to topple into the water. This contrast demonstrates how the project faced escalating challenges over time, from minor earthquake effects to more serious flood-related incidents.","Chapter 4, Chapter 32","- Chapter 4, item 2: Rickard calls various locations to check on potential damage, including the Crossing and Grant's Heading, finding no significant issues.
- Chapter 32, item 2: A wave causes a railroad car to topple into the flood waters in Mexicali, witnessed by Babcock, Estrada, and MacLean Jr.
- Relationship: Contrast in damage assessment over time",Unique,Valid claim,VALID,"1. Analysis of atomic parts:
   a. ""Rickard initially found no significant damage at various locations after the earthquake"": This part is grounded in Chapter 4, where Rickard checks various locations, including the Crossing and Grant's Heading, and finds no significant issues.
   b. ""Later flood waters in Mexicali caused a railroad car to topple into the water"": This part is grounded in Chapter 32, where a wave causes a railroad car to topple into the flood waters in Mexicali.

2. Analysis of the relationship between atomic parts:
   a. The relationship is objectively valid and meaningful. The claim connects two separate events: the initial lack of significant damage after the earthquake and the later occurrence of flood waters causing damage in Mexicali. The relationship is temporal, indicating a progression from one event to another.
   b. The relationship is not a subjective interpretation or assumption. It is based on the sequence of events described in the chapter outlines.
   c. The relationship makes sense based on the book summary and chapter outline. There is no contradiction between the summary and the outlined events, and the claim accurately reflects the progression of events.

Since all considerations are satisfied, the claim is VALID."
"While Rickard initially found no significant damage at various locations after the earthquake, later flood waters in Mexicali caused a railroad car to topple into the water.","This fact contrasts the initial lack of significant damage following the earthquake with the later destruction caused by flood waters. It demonstrates how the situation deteriorated over time, from Rickard's initial assessment of minimal impact to the more severe consequences of the flooding, as witnessed by multiple characters.","Chapter 4, Chapter 32","- Chapter 4, item 2: Rickard calls various locations to check on potential damage, including the Crossing and Grant's Heading, finding no significant issues.
- Chapter 32, item 2: A wave causes a railroad car to topple into the flood waters in Mexicali, witnessed by Babcock, Estrada, and MacLean Jr.
- Relationship: Contrast in damage assessment over time",Unique,Valid claim,VALID,"1. Analysis of atomic parts:
   a. ""Rickard initially found no significant damage at various locations after the earthquake"": This part is grounded in events 1 and 2 of Chapter 4, where Rickard checks for damage and finds none.
   b. ""Later flood waters in Mexicali caused a railroad car to topple into the water"": This part is grounded in event 2 of Chapter 32, where a wave causes a railroad car to topple into the flood waters in Mexicali.

2. Analysis of the relationship between atomic parts:
   a. The relationship is objectively valid and meaningful. The claim establishes a sequence of events where initial assessments of no damage are followed by a later incident of flooding causing damage. This sequence is consistent with the narrative of ongoing challenges faced by the characters.
   b. The relationship is not a subjective interpretation; it is a factual sequence of events as described in the chapter outlines.
   c. The relationship makes sense based on the book summary and chapter outline. The summary describes the challenges faced by Rickard, including natural disasters, which aligns with the events described in the claim.

Since all considerations are satisfied, the claim is VALID."
"Rickard's project faces a series of infrastructure setbacks, from the San Francisco disaster destroying needed machinery to a rock train derailment on a newly constructed spur-track.","This fact connects three specific events from different chapters that demonstrate the ongoing infrastructure challenges Rickard faces in his project. It shows the progression from the initial setback of lost machinery due to the San Francisco disaster, through Rickard's efforts to plan new strategies, to the later complication of a derailed rock train.","Chapters 4, 11, 37","- Chapter 4, item 6: Rickard realizes that the San Francisco disaster likely destroyed the machinery he needed for his work at the river.
- Chapter 11, item 5: Rickard plans his strategy, including ordering rock from quarries and planning a spur-track from the Heading.
- Chapter 37, item 2: A rock train derails on a newly constructed spur-track, causing a delay in the rock-fill closure plan.
- Relationship: Progression of infrastructure challenges in Rickard's project",Unique,Valid claim,INVALID,"1. Analysis of atomic parts:
    a. ""Rickard's project faces a series of infrastructure setbacks"": This part is a general statement that needs to be supported by specific events in the chapter outline.
    b. ""the San Francisco disaster destroying needed machinery"": This part is grounded in Chapter 4, where Rickard realizes that the San Francisco disaster likely destroyed the machinery he needed for his work at the river.
    c. ""a rock train derailment on a newly constructed spur-track"": There is no mention of a rock train derailment in the chapter outlines provided. Chapter 11 mentions Rickard planning a spur-track from the Heading, but no derailment is noted.

2. Analysis of the relationship between atomic parts:
    a. The relationship between the San Francisco disaster and infrastructure setbacks is valid, as the disaster directly impacts Rickard's project by destroying needed machinery.
    b. The claim of a rock train derailment is not supported by the chapter outline, making this part of the relationship invalid.
    c. The relationship is not fully grounded in the chapter outline, as one of the key events (the derailment) is not mentioned.

Since part 1c is not grounded in the chapter outline and the relationship in 2b is not valid, the claim is INVALID."
