facts,corrupted_facts,fact_reasoning,corrupted_reasoning,source,brainstorm,duplication,duplication_reasoning
"Captain Jack's aggressive play against Stillwell, winning all six games without allowing him to score, reflects his dislike for Rupert Stillwell.","Captain Jack's aggressive play against Stillwell, winning all six games without allowing him to score, reflects his close friendship with Rupert Stillwell.","In Chapter 1, we see Captain Jack playing aggressively against Stillwell and winning all six games without allowing Stillwell to score. Chapter 2 explicitly mentions Jack's dislike for Rupert Stillwell. This connection suggests that Jack's aggressive play style against Stillwell is a manifestation of his dislike for him.","The corrupted fact contradicts the outline, which explicitly states Jack's dislike for Rupert Stillwell, not a close friendship.","Chapter 1, 2","- Chapter 1, item 3: Captain Jack plays aggressively against Stillwell, winning all six games without allowing Stillwell to score.
- Chapter 2, item 7: Jack reflects on his relationship with Adrien and his dislike for Rupert Stillwell.
- Relationship: Jack's attitude towards Stillwell",Unique,Valid claim
"Jack's role in his father's business progresses from reluctantly working in the office under Mr. Wickes to starting at the ""tail of the saw"" in the planing mill.",Jack's role in his father's business progresses from eagerly working in the office under Mr. Wickes to becoming the manager of the planing mill.,"Chapter 2 shows Jack reluctantly agreeing to work in the office of his father's business, learning from Mr. Wickes. In Chapter 3, Jack and his father agree that he should start working at the planing mill, specifically at the ""tail of the saw."" This progression demonstrates a change in Jack's role within the family business.","The corrupted fact contradicts the outline by stating Jack eagerly worked in the office (when he was reluctant) and became the manager of the planing mill (when he was actually starting at the ""tail of the saw"").","Chapter 2, 3","- Chapter 2, item 3: Jack reluctantly agrees to work in the office of his father's business, learning from Mr. Wickes.
- Chapter 3, item 7: The father and son agree that Jack should start working at the planing mill, beginning at the ""tail of the saw.""
- Relationship: Jack's progression in the family business",Unique,Valid claim
"Malcolm McNish's concerns about foreman Tony Perrotte's performance, presented to Grant Maitland, are later confirmed when Maitland discusses Perrotte's poor performance with Wickes and Jack.","Malcolm McNish's concerns about foreman Tony Perrotte's performance, presented to Grant Maitland, are later dismissed when Maitland praises Perrotte's excellent performance to Wickes and Jack.","In Chapter 6, Malcolm McNish presents concerns about Tony Perrotte's performance as a foreman and requests his removal. Chapter 7 shows that these concerns were valid, as Grant Maitland discusses Tony Perrotte's poor performance as a foreman with Wickes and Jack in his office. This connection demonstrates that the workers' concerns about Perrotte were legitimate and recognized by management.","The corrupted fact contradicts the outline by stating that Maitland praises Perrotte's performance, when in fact, he discusses Perrotte's poor performance.","Chapter 6, 7","- Chapter 6, item 2: Malcolm McNish takes over the discussion, presenting concerns about foreman Tony Perrotte and requesting his removal.
- Chapter 7, item 3: Maitland discusses Tony Perrotte's poor performance as a foreman with Wickes and Jack in his office.
- Relationship: Concerns about Tony Perrotte's performance",Unique,Valid claim
"Captain Jack Maitland's relationship with the union changes from causing an uproar with his presence at a meeting to resigning due to his new managerial position, with the union considering allowing him to keep his union card.",Captain Jack Maitland's relationship with the union changes from being warmly welcomed at a meeting to being forcibly expelled from the union due to his new managerial position.,"In Chapter 8, Jack's introduction at a union meeting causes an uproar among some attendees, indicating tension between him and the union. However, in Chapter 11, Jack enters a union meeting to announce his resignation due to his new managerial position, and the union forms a committee to explore allowing him to keep his union card. This progression shows a significant change in Jack's relationship with the union over time.","The corrupted fact contradicts the outline by stating Jack was warmly welcomed at the first meeting (when he actually caused an uproar) and that he was forcibly expelled from the union (when in fact, they considered allowing him to keep his union card).","Chapter 8, 11","- Chapter 8, item 3: At the union meeting, Mr. Wigglesworth introduces Captain Jack Maitland, causing an uproar among some attendees.
- Chapter 11, item 7: Jack enters the union meeting, announces his resignation due to his new managerial position, and a committee is formed to explore allowing him to keep his union card.
- Relationship: Jack's changing relationship with the union",Unique,Valid claim
The labor dispute in Blackwater escalates from formal demands presented by allied unions to Maitland Mills and other employers on May Day to a general strike following the breakdown of negotiations.,The labor dispute in Blackwater de-escalates from a general strike to formal demands presented by allied unions to Maitland Mills and other employers on May Day.,"Chapter 12 mentions that employers in Blackwater, including Maitland Mills, receive formal demands from allied unions on May Day morning. Chapter 13 then shows that negotiations between workers and employers break down, leading to a general strike in Blackwater. This progression demonstrates the escalation of the labor dispute from formal demands to a full-scale strike.","The corrupted fact reverses the order of events, incorrectly stating that the general strike occurred before the formal demands were presented, which contradicts the timeline presented in the outline.","Chapter 12, 13","- Chapter 12, item 2: Employers in Blackwater, including Maitland Mills, receive formal demands from allied unions on May Day morning.
- Chapter 13, item 1: Negotiations between workers and employers break down, leading to a general strike in Blackwater.
- Relationship: Progression of labor dispute",Unique,Valid claim
"During a confrontation at Maitland Mills, where McNish tries to calm the crowd and Maitland sneaks strike-breakers inside, Simmons attempts to shoot Maitland, but Annette intervenes and is shot instead, leading to Adrien taking charge of nursing her at the Maitland home.","During a confrontation at Maitland Mills, where McNish tries to incite the crowd and Maitland openly brings in strike-breakers, Simmons attempts to shoot McNish, but Adrien intervenes and is shot instead, leading to Annette taking charge of nursing her at the hospital.","Chapter 15 describes the confrontation at Maitland Mills, with McNish trying to calm the crowd and Maitland sneaking strike-breakers inside. It then details Simmons' attempt to shoot Maitland, which results in Annette being shot instead. Chapter 16 continues this sequence of events, showing that Adrien takes charge of nursing the shot Annette at the Maitland home. This fact connects these events to show the immediate consequences of the confrontation and shooting.","The corrupted fact alters several key details: McNish's role (calming vs. inciting), Maitland's actions (sneaking vs. openly bringing), the shooting target (Maitland vs. McNish), the person shot (Annette vs. Adrien), the nurse (Adrien vs. Annette), and the location of care (Maitland home vs. hospital). These changes contradict the information provided in the outline.","Chapter 15, 16","- Chapter 15, item 6: A second confrontation occurs at the Maitland Mills, where McNish tries to calm the crowd while Maitland sneaks the strike-breakers inside.
- Chapter 15, item 7: Simmons attempts to shoot Maitland, but Annette intervenes and is shot instead, shocking the crowd into silence.
- Chapter 16, item 1: Adrien takes charge of nursing Annette, who has been shot, at the Maitland home.
- Relationship: Sequence of events surrounding Annette's shooting",Unique,Valid claim
"The approach to resolving the labor dispute evolves from discussing the unused Lemieux Act to forming a three-person arbitration committee, with both union representative McNish and employer McGinnis proposing Captain Maitland's involvement.","The approach to resolving the labor dispute evolves from invoking the Lemieux Act to forming a two-person arbitration committee, with union representative McNish opposing Captain Maitland's involvement while employer McGinnis insists on it.","In Chapter 14, the group discusses the Lemieux Act and why neither unions nor employers are invoking it, showing an initial reluctance to use formal dispute resolution methods. Chapter 16 then shows a shift in approach, with McNish, representing the Allied Unions, proposing Captain Maitland as their representative for a three-person arbitration committee. This change is further reinforced when McGinnis, an employer, suggests working with Captain Maitland and Reverend Matheson to settle the dispute. This progression demonstrates how both sides move towards a more collaborative approach to resolving the conflict.","The corrupted fact incorrectly states that the Lemieux Act was invoked (when it wasn't), mentions a two-person committee (instead of three), and creates a non-existent conflict between McNish and McGinnis regarding Maitland's involvement. These details contradict the information provided in the outline.","Chapter 14, 16","- Chapter 14, item 5: The group discusses the Lemieux Act and the reasons why neither unions nor employers are invoking it.
- Chapter 16, item 4: McNish, representing the Allied Unions, proposes Captain Maitland as their representative for a three-person arbitration committee.
- Chapter 16, item 5: McGinnis, deeply affected by recent events, suggests working with Captain Maitland and Reverend Matheson to settle the dispute.
- Relationship: Progression of dispute resolution methods",Unique,Valid claim
"Despite Malcolm McNish's request for Tony Perrotte's removal as foreman and Grant Maitland's acknowledgment of Perrotte's poor performance, Maitland ultimately gives Tony a job under Jack's supervision.","Despite Malcolm McNish's request for Tony Perrotte's promotion as foreman and Grant Maitland's acknowledgment of Perrotte's excellent performance, Maitland ultimately fires Tony from the company.","This fact combines information from three chapters to show the progression of Tony Perrotte's employment situation. It starts with McNish's request for Perrotte's removal in Chapter 6, moves to Maitland's discussion of Perrotte's poor performance in Chapter 7, and concludes with Maitland giving Perrotte a job under Jack's supervision in Chapter 11.","This corrupted fact incorrectly states that McNish requested Perrotte's promotion (he requested his removal), that Maitland acknowledged Perrotte's excellent performance (it was poor performance), and that Maitland fired Tony (he gave him a job under Jack's supervision).","Chapters 6, 7, 11","- Chapter 6, item 2: Malcolm McNish presents concerns about foreman Tony Perrotte and requests his removal.
- Chapter 7, item 3: Maitland discusses Tony Perrotte's poor performance as a foreman with Wickes and Jack in his office.
- Chapter 11, item 2: Jack brings Tony to meet with Grant Maitland, who gives Tony a job under Jack's supervision.
- Relationship: Tony Perrotte's employment situation",Unique,Valid claim
"Captain Jack Maitland's relationship with the union evolves from collaborating with McNish to remove a disruptive member, to encountering conflict with the new secretary Simmons, and finally to resigning due to his new managerial position while the union considers allowing him to keep his union card.","Captain Jack Maitland's relationship with the union remains constant, starting with him joining the union leadership, continuing with his strong support for the new secretary Simmons, and ending with his promotion to union president while maintaining his managerial position.","This fact combines information from three chapters to show the progression of Jack's relationship with the union. It starts with his collaboration with McNish in Chapter 8, moves to his conflict with Simmons in Chapter 9, and concludes with his resignation and the union's consideration of his status in Chapter 11.","This corrupted fact incorrectly states that Jack's relationship with the union remained constant (it evolved), that he joined union leadership (he collaborated with them but wasn't in leadership), that he supported Simmons (he had conflict with Simmons), and that he was promoted to union president while keeping his managerial position (he resigned from the union due to his managerial position).","Chapters 8, 9, 11","- Chapter 8, item 3: Captain Jack and McNish organize to remove a disruptive Cockney man from the meeting.
- Chapter 9, item 3: Maitland is called to a union meeting by McNish, where he encounters conflict with the new secretary, Simmons.
- Chapter 11, item 7: Jack enters the union meeting, announces his resignation due to his new managerial position, and a committee is formed to explore allowing him to keep his union card.
- Relationship: Jack's changing relationship with the union",Unique,Valid claim
"The romantic tensions between Jack, Annette, Adrien, and McNish evolve from Adrien's distress at seeing Jack and Annette in a private moment, to Jack's emotional interaction with Annette causing tension with McNish, and finally to Adrien rejecting Rupert Stillwell's proposal due to her feelings for Jack.","The romantic relationships remain stable, with Adrien happily observing Jack and Annette's growing closeness, Jack having a peaceful interaction with Annette that pleases McNish, and Adrien accepting Rupert Stillwell's proposal due to her lack of feelings for Jack.","This fact combines information from three chapters to show the progression of romantic relationships and tensions. It starts with Adrien's observation of Jack and Annette in Chapter 10, moves to Jack's interaction with Annette and the resulting tension with McNish in Chapter 11, and concludes with Adrien's realization of her feelings for Jack in Chapter 17.","This corrupted fact incorrectly states that the relationships remained stable (they evolved with tensions), that Adrien was happy seeing Jack and Annette (she was distressed), that Jack's interaction with Annette pleased McNish (it caused tension), and that Adrien accepted Stillwell's proposal (she rejected it due to feelings for Jack).","Chapters 10, 11, 17","- Chapter 10, item 4: Adrien sees Jack and Annette in a private moment through a spruce tree screen, causing her distress.
- Chapter 11, item 4: Jack has an emotional interaction with Annette, causing tension between them and with McNish.
- Chapter 17, item 6: Rupert Stillwell proposes to Adrien during a car ride, but she rejects him, realizing her feelings for Jack.
- Relationship: Development of romantic relationships and tensions",Unique,Valid claim
"Jack's interactions with women evolve from driving Frances, Sidney, and Patricia home, to having a private moment with Annette observed by Adrien, and finally to visiting Annette in her sick room.","Jack's interactions with women evolve from driving Frances, Sidney, and Patricia home, to having a private moment with Patricia observed by Adrien, and finally to visiting Patricia in her sick room.","This fact demonstrates the progression of Jack's relationships with different women throughout the story. In Chapter 1, he drives Frances, Sidney, and Patricia home, showing a casual interaction. In Chapter 10, he has a private moment with Annette, indicating a more intimate relationship. Finally, in Chapter 17, he visits Annette in her sick room, suggesting a deepening connection or concern for her well-being.","The corrupted fact incorrectly states that Jack had a private moment with Patricia and visited her in the sick room, when it was actually Annette in both instances.","Chapters 1, 10, 17","- Chapter 1, item 5: Jack drives Frances, Sidney, and Patricia home in his car.
- Chapter 10, item 4: Adrien sees Jack and Annette in a private moment through a spruce tree screen.
- Chapter 17, item 2: Jack visits Annette in her sick room.
- Relationship: Jack's evolving relationships with different women",Unique,Valid claim
"Jack Maitland and Tony Perrotte, both decorated war veterans, face different post-war career paths, with Jack failing to pursue a medical profession and later supervising Tony in his father's business.","Jack Maitland and Tony Perrotte, both decorated war veterans, face different post-war career paths, with Tony failing to pursue a medical profession and later supervising Jack in Grant Maitland's business.","This fact highlights the post-war experiences of Jack and Tony, who both returned from the war with military decorations (Chapter 2). It then contrasts their career paths, mentioning Jack's failed attempt at a medical profession (Chapter 3) and how he eventually ends up supervising Tony in his father's business (Chapter 11). This demonstrates how their lives diverged and then reconnected in a professional setting after the war.","The corrupted fact incorrectly states that Tony failed to pursue a medical profession and later supervised Jack, when it was actually Jack who failed in medicine and later supervised Tony in the business.","Chapters 2, 3, 11","- Chapter 2, item 1: Jack Maitland and Tony Perrotte return from the war with military decorations.
- Chapter 3, item 3: Jack's failed attempt at pursuing a medical profession after the war is discussed.
- Chapter 11, item 2: Jack brings Tony to meet with Grant Maitland, who gives Tony a job under Jack's supervision.
- Relationship: Post-war experiences and career paths of Jack and Tony",Unique,Valid claim
